time,x,y,z,ref_x,ref_y,ref_z
0,0,0,0,2,0,2
0.01,3.91289e-06,3.5872e-09,0.00190152,1.99997,0.00999996,2
0.02,5.31976e-05,2.43151e-07,0.007208,1.9999,0.0199997,2
0.03,0.000227845,2.41126e-06,0.0154112,1.99978,0.0299989,2
0.04,0.000543564,4.60241e-06,0.0253186,1.9996,0.0399973,2
0.05,0.000980579,2.08257e-06,0.0359399,1.99937,0.0499948,2
0.06,0.00156808,-9.57661e-06,0.0474481,1.9991,0.059991,2
0.07,0.00228192,-3.10725e-05,0.0594687,1.99878,0.0699857,2
0.08,0.00306827,-5.99564e-05,0.0713681,1.9984,0.0799787,2
0.09,0.00391236,-9.56045e-05,0.0830224,1.99798,0.0899696,2
0.1,0.00481606,-0.000138643,0.0945575,1.9975,0.0999583,2
0.11,0.00576552,-0.000188019,0.10587,1.99698,0.109945,2
0.12,0.00674944,-0.00024465,0.116904,1.9964,0.119928,2
0.13,0.00777344,-0.000315875,0.127946,1.99578,0.129908,2
0.14,0.00882654,-0.000401584,0.138809,1.9951,0.139886,2
0.15,0.00990039,-0.000500618,0.149326,1.99438,0.149859,2
0.16,0.0110067,-0.000622402,0.159979,1.9936,0.159829,2
0.17,0.0121371,-0.00076127,0.170583,1.99278,0.169795,2
0.18,0.0132824,-0.000909814,0.180939,1.99191,0.179757,2
0.19,0.0144468,-0.00106799,0.191404,1.99098,0.189714,2
0.2,0.0156259,-0.00123002,0.201772,1.99001,0.199667,2
0.21,0.016814,-0.00139115,0.211719,1.98899,0.209614,2
0.22,0.0180175,-0.00154645,0.221667,1.98791,0.219557,2
0.23,0.0192402,-0.00169188,0.231882,1.98679,0.229493,2
0.24,0.0204786,-0.00182579,0.24212,1.98562,0.239424,2
0.25,0.0217303,-0.00194719,0.252243,1.9844,0.249349,2
0.26,0.0229932,-0.00205395,0.262298,1.98312,0.259268,2
0.27,0.0242654,-0.00214533,0.272295,1.9818,0.269181,2
0.28,0.0255453,-0.00221942,0.282275,1.98043,0.279086,2
0.29,0.0268311,-0.00227432,0.292253,1.97901,0.288985,2
0.3,0.028122,-0.00231086,0.302145,1.97754,0.298876,2
0.31,0.0294192,-0.00232774,0.312011,1.97602,0.30876,2
0.32,0.0307231,-0.00232241,0.321945,1.97445,0.318636,2
0.33,0.0320325,-0.00229433,0.331955,1.97284,0.328505,2
0.34,0.0333471,-0.00224694,0.341882,1.97117,0.338365,2
0.35,0.0346682,-0.00218016,0.351726,1.96945,0.348216,2
0.36,0.0359964,-0.00209418,0.361433,1.96769,0.358059,2
0.37,0.0373328,-0.00198248,0.371164,1.96587,0.367893,2
0.38,0.0386771,-0.00184021,0.381056,1.96401,0.377718,2
0.39,0.0400257,-0.00167895,0.390665,1.9621,0.387533,2
0.4,0.0413783,-0.0014973,0.399952,1.96013,0.397339,2
0.41,0.0427371,-0.00128391,0.409227,1.95812,0.407134,2
0.42,0.0441043,-0.00103208,0.418642,1.95606,0.41692,2
0.43,0.0454799,-0.00074179,0.428198,1.95395,0.426695,2
0.44,0.0468603,-0.000427017,0.437549,1.95179,0.436459,2
0.45,0.0482455,-9.18451e-05,0.446744,1.94959,0.446213,2
0.46,0.0496374,0.000262121,0.455953,1.94733,0.455955,2
0.47,0.0510382,0.000630598,0.465166,1.94503,0.465686,2
0.48,0.0524488,0.00101058,0.474257,1.94268,0.475405,2
0.49,0.0538701,0.00140165,0.483164,1.94027,0.485112,2
0.5,0.0553071,0.00181106,0.492149,1.93782,0.494808,2
0.51,0.0567641,0.00224447,0.501369,1.93533,0.504491,2
0.52,0.0582382,0.00269698,0.510614,1.93278,0.514161,2
0.53,0.0597278,0.00316603,0.519837,1.93019,0.523818,2
0.54,0.0612305,0.00364999,0.528967,1.92754,0.533463,2
0.55,0.0627428,0.00414637,0.537904,1.92485,0.543094,2
0.56,0.0642648,0.00465555,0.546764,1.92211,0.552711,2
0.57,0.0657945,0.00517358,0.555411,1.91932,0.562315,2
0.58,0.0673333,0.00569787,0.563887,1.91649,0.571904,2
0.59,0.0688849,0.00622629,0.572328,1.9136,0.581479,2
0.6,0.0704556,0.0067572,0.580822,1.91067,0.59104,2
0.61,0.0720543,0.00728925,0.589538,1.90769,0.600586,2
0.62,0.0736825,0.0078199,0.598409,1.90467,0.610117,2
0.63,0.0753335,0.00834659,0.607164,1.90159,0.619633,2
0.64,0.0770035,0.00886719,0.615791,1.89847,0.629133,2
0.65,0.0786873,0.00938144,0.624227,1.8953,0.638617,2
0.66,0.0803827,0.00988764,0.632598,1.89208,0.648086,2
0.67,0.082087,0.0103861,0.640863,1.88882,0.657538,2
0.68,0.0837981,0.0108778,0.648905,1.88551,0.666974,2
0.69,0.0855197,0.0113594,0.656974,1.88215,0.676393,2
0.7,0.0872534,0.0118318,0.665039,1.87875,0.685795,2
0.71,0.0890002,0.0122968,0.673021,1.87529,0.69518,2
0.72,0.0907641,0.0127552,0.681028,1.87179,0.704548,2
0.73,0.0925503,0.0132095,0.689223,1.86825,0.713898,2
0.74,0.0943564,0.0136634,0.697424,1.86465,0.72323,2
0.75,0.0961828,0.0141206,0.705595,1.86102,0.732545,2
0.76,0.0980301,0.0145831,0.713781,1.85733,0.741841,2
0.77,0.0998973,0.0150522,0.72196,1.8536,0.751118,2
0.78,0.101785,0.0155287,0.730137,1.84982,0.760376,2
0.79,0.103691,0.0160134,0.738318,1.84599,0.769616,2
0.8,0.105614,0.0165063,0.746379,1.84212,0.778836,2
0.81,0.107552,0.0170058,0.754175,1.8382,0.788037,2
0.82,0.109508,0.0175147,0.761882,1.83424,0.797218,2
0.83,0.111488,0.0180358,0.769618,1.83023,0.806379,2
0.839999,0.113491,0.0185703,0.777418,1.82618,0.81552,2
0.849999,0.115519,0.0191203,0.785393,1.82208,0.824641,2
0.859999,0.11757,0.0196834,0.793376,1.81793,0.833741,2
0.869999,0.119642,0.0202555,0.801226,1.81374,0.84282,2
0.879999,0.121737,0.0208357,0.809123,1.8095,0.851878,2
0.889999,0.123851,0.0214204,0.816925,1.80522,0.860915,2
0.899999,0.12598,0.0220075,0.824634,1.80089,0.869931,2
0.909999,0.128126,0.022597,0.832306,1.79652,0.878924,2
0.919999,0.130291,0.0231893,0.839832,1.79211,0.887896,2
0.929999,0.132481,0.0237864,0.84724,1.78764,0.896845,2
0.939999,0.134699,0.0243919,0.854541,1.78314,0.905772,2
0.949999,0.136957,0.0250125,0.861947,1.77859,0.914676,2
0.959999,0.139262,0.025651,0.869538,1.77399,0.923558,2
0.969999,0.141598,0.0263002,0.876919,1.76935,0.932416,2
0.979999,0.143968,0.0269552,0.884182,1.76467,0.941251,2
0.989999,0.146378,0.0276129,0.891536,1.75994,0.950063,2
0.999999,0.148825,0.0282676,0.898931,1.75517,0.958851,2
1.01,0.151304,0.0289151,0.906312,1.75035,0.967614,2
1.02,0.153808,0.0295528,0.913509,1.74549,0.976354,2
1.03,0.156337,0.0301771,0.920537,1.74059,0.985069,2
1.04,0.158893,0.0307851,0.927445,1.73564,0.99376,2
1.05,0.161481,0.0313755,0.93429,1.73065,1.00243,2
1.06,0.164102,0.0319474,0.941168,1.72561,1.01107,2
1.07,0.166762,0.0325001,0.948131,1.72054,1.01968,2
1.08,0.169454,0.0330376,0.95498,1.71542,1.02827,2
1.09,0.172177,0.0335653,0.961554,1.71025,1.03684,2
1.1,0.174939,0.034084,0.968022,1.70505,1.04537,2
1.11,0.177754,0.0345959,0.974543,1.6998,1.05389,2
1.12,0.180627,0.0351043,0.981169,1.69451,1.06237,2
1.13,0.183562,0.0356124,0.987894,1.68918,1.07083,2
1.14,0.186555,0.0361234,0.994622,1.6838,1.07926,2
1.15,0.189615,0.0366412,1.00139,1.67839,1.08767,2
1.16,0.19274,0.0371679,1.00818,1.67293,1.09605,2
1.17,0.195925,0.0377053,1.01486,1.66742,1.1044,2
1.18,0.199176,0.0382578,1.02155,1.66188,1.11272,2
1.19,0.202495,0.0388317,1.02833,1.6563,1.12102,2
1.2,0.205875,0.0394333,1.0352,1.65067,1.12928,2
1.21,0.209298,0.0400594,1.04193,1.645,1.13752,2
1.22,0.212761,0.0407142,1.04857,1.6393,1.14573,2
1.23,0.216263,0.0414027,1.05525,1.63355,1.15392,2
1.24,0.219791,0.0421208,1.06179,1.62776,1.16207,2
1.25,0.223338,0.0428688,1.06815,1.62193,1.17019,2
1.26,0.226897,0.0436482,1.07432,1.61606,1.17829,2
1.27,0.230473,0.044468,1.08052,1.61014,1.18635,2
1.28,0.234065,0.0453259,1.08669,1.60419,1.19439,2
1.29,0.237672,0.0462147,1.09273,1.5982,1.2024,2
1.3,0.241294,0.047139,1.09885,1.59217,1.21037,2
1.31,0.24493,0.048095,1.10502,1.5861,1.21832,2
1.32,0.248578,0.0490764,1.11103,1.57999,1.22623,2
1.33,0.252236,0.0500898,1.11697,1.57383,1.23412,2
1.34,0.255905,0.0511387,1.12281,1.56764,1.24197,2
1.35,0.25958,0.0522253,1.12849,1.56141,1.24979,2
1.36,0.263262,0.0533666,1.13431,1.55515,1.25759,2
1.37,0.266953,0.0545695,1.14041,1.54884,1.26535,2
1.38,0.270652,0.0558257,1.14668,1.54249,1.27307,2
1.39,0.274359,0.0571222,1.15288,1.53611,1.28077,2
1.4,0.278075,0.0584537,1.15888,1.52969,1.28843,2
1.41,0.281804,0.0598272,1.16484,1.52322,1.29607,2
1.42,0.285544,0.0612388,1.17069,1.51672,1.30367,2
1.43,0.289297,0.0626809,1.1763,1.51019,1.31123,2
1.44,0.293066,0.0641568,1.18177,1.50361,1.31877,2
1.45,0.296855,0.0656713,1.18724,1.497,1.32627,2
1.46,0.300666,0.0672266,1.19275,1.49035,1.33374,2
1.47,0.304501,0.0688267,1.19833,1.48366,1.34117,2
1.48,0.308358,0.0704704,1.20395,1.47694,1.34857,2
1.49,0.312239,0.0721533,1.20953,1.47018,1.35594,2
1.5,0.316144,0.0738748,1.21511,1.46338,1.36328,2
1.51,0.320068,0.0756257,1.22051,1.45654,1.37058,2
1.52,0.324012,0.0774043,1.22572,1.44967,1.37784,2
1.53,0.327983,0.0792224,1.23101,1.44277,1.38507,2
1.54,0.331979,0.0810795,1.23634,1.43582,1.39227,2
1.55,0.335997,0.0829758,1.2416,1.42884,1.39943,2
1.56,0.340038,0.0849172,1.24684,1.42183,1.40656,2
1.57,0.344104,0.0869076,1.25212,1.41478,1.41365,2
1.58,0.348196,0.0889431,1.25738,1.40769,1.42071,2
1.59,0.352317,0.0910225,1.26259,1.40057,1.42773,2
1.6,0.356469,0.0931464,1.26779,1.39341,1.43471,2
1.61,0.360656,0.0953213,1.27313,1.38622,1.44166,2
1.62,0.364872,0.0975454,1.27857,1.379,1.44857,2
1.63,0.369107,0.0998097,1.2839,1.37174,1.45545,2
1.64,0.373357,0.102118,1.28918,1.36444,1.46229,2
1.65,0.377616,0.104466,1.2943,1.35711,1.46909,2
1.66,0.38188,0.10685,1.29925,1.34975,1.47586,2
1.67,0.386145,0.109277,1.30417,1.34236,1.48259,2
1.68,0.390407,0.111744,1.30904,1.33493,1.48929,2
1.69,0.394665,0.114241,1.31369,1.32746,1.49594,2
1.7,0.398917,0.116767,1.31816,1.31997,1.50256,2
1.71,0.403163,0.119322,1.3225,1.31244,1.50914,2
1.72,0.407401,0.121906,1.32673,1.30488,1.51568,2
1.73,0.411629,0.124527,1.331,1.29728,1.52219,2
1.74,0.415846,0.127188,1.33538,1.28965,1.52866,2
1.75,0.420056,0.129888,1.33984,1.28199,1.53509,2
1.76,0.42426,0.132627,1.3444,1.2743,1.54148,2
1.77,0.428459,0.135398,1.34895,1.26658,1.54783,2
1.78,0.432651,0.138194,1.35333,1.25883,1.55414,2
1.79,0.436836,0.141018,1.35767,1.25104,1.56042,2
1.8,0.441015,0.143871,1.36203,1.24322,1.56665,2
1.81,0.445191,0.146752,1.36636,1.23537,1.57285,2
1.82,0.449367,0.149661,1.37075,1.22749,1.57901,2
1.83,0.453542,0.152597,1.37521,1.21958,1.58512,2
1.84,0.457718,0.155555,1.3796,1.21164,1.5912,2
1.85,0.461895,0.15853,1.38377,1.20367,1.59724,2
1.86,0.466068,0.161522,1.38782,1.19567,1.60324,2
1.87,0.470233,0.164533,1.39181,1.18764,1.6092,2
1.88,0.474386,0.167564,1.39568,1.17958,1.61512,2
1.89,0.478524,0.17062,1.39966,1.17149,1.62099,2
1.9,0.482648,0.173702,1.40378,1.16337,1.62683,2
1.91,0.486758,0.176813,1.40792,1.15522,1.63263,2
1.92,0.490858,0.179954,1.41203,1.14704,1.63838,2
1.93,0.494949,0.183127,1.41614,1.13883,1.6441,2
1.94,0.49903,0.186334,1.42025,1.1306,1.64977,2
1.95,0.503105,0.189575,1.42433,1.12234,1.6554,2
1.96,0.507171,0.192855,1.42851,1.11405,1.66099,2
1.97,0.511232,0.196168,1.43274,1.10573,1.66654,2
1.98,0.515287,0.199508,1.43682,1.09738,1.67205,2
1.99,0.519337,0.202872,1.44069,1.08901,1.67752,2
2,0.523377,0.20626,1.44445,1.08061,1.68294,2
2.01,0.527403,0.209676,1.44827,1.07218,1.68832,2
2.02,0.531416,0.213118,1.45219,1.06372,1.69366,2
2.03,0.535419,0.21658,1.45613,1.05524,1.69896,2
2.04,0.539413,0.22006,1.45997,1.04673,1.70422,2
2.05,0.543397,0.22356,1.46377,1.0382,1.70943,2
2.06,0.54737,0.227081,1.4675,1.02964,1.7146,2
2.07,0.551334,0.230621,1.4711,1.02105,1.71972,2
2.08,0.55529,0.234182,1.47467,1.01244,1.72481,2
2.09,0.559238,0.237766,1.47829,1.00381,1.72985,2
2.1,0.563178,0.241368,1.48181,0.995143,1.73485,2
2.11,0.56711,0.244987,1.4853,0.986457,1.7398,2
2.12,0.571031,0.248632,1.48892,0.977746,1.74471,2
2.13,0.574945,0.252301,1.49258,0.96901,1.74958,2
2.14,0.578851,0.255996,1.49629,0.96025,1.7544,2
2.15,0.582746,0.259711,1.49995,0.951466,1.75918,2
2.16,0.586626,0.263447,1.50356,0.942658,1.76391,2
2.17,0.590488,0.267209,1.50731,0.933827,1.76861,2
2.18,0.594333,0.270992,1.51102,0.924972,1.77325,2
2.19,0.59816,0.274794,1.5147,0.916094,1.77786,2
2.2,0.601971,0.278611,1.51835,0.907194,1.78241,2
2.21,0.605768,0.28244,1.52178,0.89827,1.78693,2
2.22,0.60955,0.286283,1.52511,0.889324,1.7914,2
2.23,0.613307,0.290154,1.52867,0.880356,1.79582,2
2.24,0.617038,0.294053,1.53235,0.871366,1.8002,2
2.25,0.620748,0.297976,1.53591,0.862355,1.80453,2
2.26,0.624431,0.301924,1.53941,0.853321,1.80882,2
2.27,0.628083,0.3059,1.54298,0.844266,1.81307,2
2.28,0.631712,0.3099,1.54646,0.835191,1.81727,2
2.29,0.635316,0.313922,1.54984,0.826094,1.82142,2
2.3,0.638891,0.317971,1.55331,0.816976,1.82553,2
2.31,0.64244,0.322044,1.55684,0.807839,1.82959,2
2.32,0.645967,0.326138,1.56028,0.798681,1.83361,2
2.33,0.649474,0.330251,1.56359,0.789503,1.83758,2
2.34,0.652953,0.334387,1.56703,0.780305,1.8415,2
2.35,0.656406,0.33854,1.57047,0.771088,1.84538,2
2.36,0.659833,0.342703,1.57376,0.761851,1.84921,2
2.37,0.663232,0.346876,1.57702,0.752596,1.853,2
2.38,0.6666,0.35106,1.58025,0.743321,1.85674,2
2.39,0.669931,0.355257,1.58354,0.734028,1.86043,2
2.4,0.673223,0.359472,1.58682,0.724717,1.86408,2
2.41,0.676473,0.363706,1.5901,0.715388,1.86768,2
2.42,0.679681,0.367963,1.59335,0.706041,1.87123,2
2.43,0.682853,0.372239,1.59644,0.696676,1.87474,2
2.44,0.685982,0.376536,1.59947,0.687293,1.8782,2
2.45,0.689059,0.38085,1.60259,0.677894,1.88161,2
2.46,0.692087,0.385178,1.60575,0.668477,1.88498,2
2.47,0.695076,0.389513,1.60881,0.659044,1.8883,2
2.48,0.698028,0.39385,1.61177,0.649594,1.89157,2
2.49,0.700944,0.398184,1.61471,0.640128,1.89479,2
2.5,0.703826,0.40251,1.61766,0.630647,1.89797,2
2.51,0.706684,0.406829,1.62043,0.621149,1.9011,2
2.52,0.70952,0.411141,1.62297,0.611636,1.90418,2
2.53,0.712333,0.415446,1.62551,0.602107,1.90721,2
2.54,0.715122,0.419747,1.62818,0.592564,1.9102,2
2.55,0.717894,0.42405,1.63088,0.583005,1.91314,2
2.56,0.720647,0.428361,1.63353,0.573432,1.91603,2
2.57,0.723378,0.432687,1.63626,0.563845,1.91887,2
2.58,0.726082,0.437034,1.63903,0.554244,1.92167,2
2.59,0.728759,0.441406,1.64174,0.544628,1.92442,2
2.6,0.731402,0.44581,1.64448,0.535,1.92712,2
2.61,0.734004,0.450256,1.64735,0.525357,1.92977,2
2.62,0.736565,0.454739,1.65022,0.515702,1.93237,2
2.63,0.739085,0.459256,1.653,0.506034,1.93492,2
2.64,0.741554,0.46381,1.65591,0.496353,1.93743,2
2.65,0.743977,0.468394,1.65888,0.48666,1.93989,2
2.66,0.746367,0.472997,1.66172,0.476954,1.9423,2
2.67,0.748721,0.477619,1.66456,0.467237,1.94466,2
2.68,0.751039,0.48226,1.66743,0.457508,1.94697,2
2.69,0.753329,0.486915,1.67015,0.447767,1.94923,2
2.7,0.755591,0.491585,1.67283,0.438015,1.95145,2
2.71,0.757823,0.496272,1.67555,0.428253,1.95361,2
2.72,0.760032,0.500977,1.67812,0.418479,1.95573,2
2.73,0.762217,0.505701,1.68056,0.408696,1.9578,2
2.74,0.764367,0.510454,1.68304,0.398902,1.95982,2
2.75,0.76647,0.515241,1.68558,0.389098,1.96179,2
2.76,0.768512,0.520069,1.68828,0.379284,1.96371,2
2.77,0.770492,0.524935,1.69102,0.369461,1.96558,2
2.78,0.772413,0.529831,1.69365,0.359628,1.9674,2
2.79,0.774265,0.534753,1.69622,0.349787,1.96917,2
2.8,0.776034,0.539697,1.69887,0.339936,1.9709,2
2.81,0.77771,0.544662,1.70164,0.330078,1.97257,2
2.82,0.779299,0.549641,1.70446,0.320211,1.9742,2
2.83,0.780819,0.554627,1.7071,0.310336,1.97578,2
2.84,0.782273,0.559616,1.70951,0.300453,1.9773,2
2.85,0.783623,0.564609,1.71206,0.290563,1.97878,2
2.86,0.78487,0.569608,1.71474,0.280665,1.98021,2
2.87,0.786035,0.57461,1.71728,0.270761,1.98159,2
2.88,0.787108,0.579615,1.71981,0.26085,1.98292,2
2.89,0.788098,0.584622,1.72223,0.250932,1.9842,2
2.9,0.789001,0.589628,1.72457,0.241008,1.98543,2
2.91,0.789804,0.594631,1.72697,0.231078,1.98661,2
2.92,0.790498,0.599632,1.7295,0.221142,1.98774,2
2.93,0.791092,0.604632,1.73205,0.2112,1.98882,2
2.94,0.791597,0.609632,1.73452,0.201254,1.98985,2
2.95,0.792004,0.614631,1.737,0.191302,1.99083,2
2.96,0.792328,0.619628,1.73935,0.181346,1.99176,2
2.97,0.792578,0.624622,1.74148,0.171385,1.99264,2
2.98,0.792734,0.62961,1.74362,0.161419,1.99348,2
2.99,0.792778,0.63459,1.74595,0.15145,1.99426,2
3,0.792722,0.639563,1.74834,0.141477,1.99499,2
3.01,0.792569,0.644531,1.75079,0.1315,1.99567,2
3.02,0.792322,0.649495,1.75325,0.12152,1.9963,2
3.03,0.791993,0.654454,1.75562,0.111537,1.99689,2
3.04,0.791566,0.659409,1.75812,0.101551,1.99742,2
3.05,0.791049,0.664361,1.7607,0.0915631,1.9979,2
3.06,0.790459,0.669307,1.7632,0.0815725,1.99834,2
3.07,0.78979,0.674249,1.76576,0.0715798,1.99872,2
3.08,0.789043,0.679188,1.76844,0.0615854,1.99905,2
3.09,0.788233,0.684129,1.77106,0.0515894,1.99933,2
3.1,0.787371,0.689076,1.77358,0.0415921,1.99957,2
3.11,0.786468,0.694032,1.77584,0.0315938,1.99975,2
3.12,0.785526,0.699001,1.77791,0.0215947,1.99988,2
3.13,0.784538,0.703996,1.7801,0.0115951,1.99997,2
3.14,0.783513,0.709019,1.78228,0.00159517,2,2
3.15,0.782463,0.714066,1.78432,-0.00840479,1.99998,2
3.16,0.781388,0.719144,1.78633,-0.0184045,1.99992,2
3.17,0.780291,0.724253,1.78831,-0.0284038,1.9998,2
3.18,0.77917,0.729392,1.79033,-0.0384024,1.99963,2
3.19,0.778021,0.734564,1.79247,-0.0484001,1.99941,2
3.2,0.776847,0.739762,1.79454,-0.0583965,1.99915,2
3.21,0.775652,0.744983,1.79645,-0.0683914,1.99883,2
3.22,0.774431,0.750232,1.79831,-0.0783847,1.99846,2
3.23,0.773185,0.75551,1.8002,-0.088376,1.99805,2
3.24,0.771915,0.760818,1.8021,-0.098365,1.99758,2
3.25,0.770624,0.766148,1.80385,-0.108352,1.99706,2
3.26,0.769314,0.771499,1.80541,-0.118336,1.9965,2
3.27,0.767978,0.77687,1.80693,-0.128317,1.99588,2
3.28,0.766613,0.782257,1.80848,-0.138294,1.99521,2
3.29,0.765216,0.787657,1.81004,-0.148269,1.9945,2
3.3,0.763784,0.793062,1.81159,-0.158239,1.99373,2
3.31,0.762316,0.79847,1.81315,-0.168206,1.99291,2
3.32,0.760809,0.803876,1.81471,-0.178168,1.99205,2
3.33,0.759263,0.809276,1.81626,-0.188126,1.99113,2
3.34,0.757675,0.814669,1.81781,-0.198079,1.99017,2
3.35,0.756048,0.820052,1.81928,-0.208028,1.98915,2
3.36,0.754376,0.825423,1.82076,-0.217971,1.98809,2
3.37,0.752656,0.830778,1.82229,-0.227908,1.98697,2
3.38,0.750888,0.836118,1.82386,-0.23784,1.98581,2
3.39,0.749072,0.841442,1.82542,-0.247766,1.98459,2
3.4,0.747208,0.846752,1.82698,-0.257686,1.98333,2
3.41,0.745295,0.852046,1.82854,-0.2676,1.98202,2
3.42,0.743334,0.857326,1.83011,-0.277506,1.98065,2
3.43,0.741325,0.86259,1.83163,-0.287406,1.97924,2
3.44,0.73927,0.867836,1.83313,-0.297299,1.97778,2
3.45,0.737167,0.873065,1.83462,-0.307184,1.97627,2
3.46,0.735016,0.878274,1.83612,-0.317061,1.97471,2
3.47,0.732819,0.883464,1.83759,-0.326931,1.9731,2
3.48,0.73058,0.888636,1.83901,-0.336792,1.97144,2
3.49,0.728296,0.893789,1.84037,-0.346645,1.96973,2
3.5,0.725965,0.898919,1.84177,-0.356489,1.96797,2
3.51,0.723584,0.904026,1.84323,-0.366325,1.96617,2
3.52,0.721158,0.909111,1.8447,-0.376151,1.96431,2
3.53,0.718687,0.914175,1.84616,-0.385968,1.9624,2
3.54,0.716174,0.919217,1.84759,-0.395775,1.96045,2
3.55,0.71362,0.924237,1.84899,-0.405572,1.95845,2
3.56,0.71103,0.929236,1.85033,-0.415359,1.95639,2
3.57,0.708402,0.934212,1.85161,-0.425136,1.95429,2
3.58,0.705734,0.939163,1.85289,-0.434902,1.95214,2
3.59,0.703027,0.94409,1.85419,-0.444657,1.94994,2
3.6,0.700283,0.948993,1.85546,-0.454401,1.9477,2
3.61,0.697498,0.953873,1.85675,-0.464134,1.9454,2
3.62,0.694674,0.958731,1.85806,-0.473855,1.94305,2
3.63,0.691813,0.963569,1.85933,-0.483564,1.94066,2
3.64,0.688914,0.968386,1.86058,-0.493262,1.93822,2
3.65,0.685976,0.97318,1.86184,-0.502947,1.93573,2
3.66,0.682998,0.977952,1.8631,-0.512619,1.93319,2
3.67,0.67998,0.982701,1.86441,-0.522278,1.9306,2
3.68,0.676921,0.987428,1.8658,-0.531925,1.92797,2
3.69,0.673821,0.992133,1.86726,-0.541558,1.92528,2
3.7,0.670684,0.99682,1.8687,-0.551178,1.92255,2
3.71,0.667513,1.00149,1.87006,-0.560783,1.91977,2
3.72,0.664308,1.00614,1.87141,-0.570375,1.91694,2
3.73,0.66107,1.01077,1.8727,-0.579953,1.91407,2
3.74,0.6578,1.01538,1.87394,-0.589516,1.91114,2
3.75,0.654498,1.01997,1.87515,-0.599064,1.90817,2
3.76,0.651164,1.02454,1.87631,-0.608597,1.90515,2
3.77,0.647794,1.02908,1.87753,-0.618115,1.90209,2
3.78,0.644389,1.0336,1.87878,-0.627618,1.89897,2
3.79,0.640949,1.0381,1.88002,-0.637105,1.89581,2
3.8,0.637474,1.04257,1.88127,-0.646576,1.8926,2
3.81,0.633965,1.04701,1.88248,-0.656031,1.88934,2
3.82,0.63042,1.05143,1.88369,-0.66547,1.88604,2
3.83,0.62684,1.05583,1.88487,-0.674891,1.88269,2
3.84,0.623229,1.06021,1.88597,-0.684296,1.87929,2
3.85,0.619585,1.06456,1.88707,-0.693684,1.87585,2
3.86,0.615908,1.06889,1.88815,-0.703055,1.87236,2
3.87,0.6122,1.07319,1.88921,-0.712408,1.86882,2
3.88,0.608463,1.07747,1.89019,-0.721743,1.86523,2
3.89,0.604696,1.08172,1.89118,-0.73106,1.8616,2
3.9,0.600898,1.08594,1.89218,-0.740359,1.85792,2
3.91,0.597071,1.09013,1.89315,-0.749639,1.8542,2
3.92,0.593215,1.0943,1.89412,-0.758901,1.85042,2
3.93,0.589328,1.09844,1.89506,-0.768143,1.84661,2
3.94,0.585411,1.10256,1.896,-0.777366,1.84274,2
3.95,0.581463,1.10665,1.89696,-0.78657,1.83883,2
3.96,0.577484,1.11071,1.89793,-0.795755,1.83488,2
3.97,0.573478,1.11476,1.89886,-0.804919,1.83088,2
3.98,0.569444,1.11878,1.89974,-0.814063,1.82683,2
3.99,0.565381,1.12277,1.90061,-0.823187,1.82273,2
4,0.561287,1.12674,1.90154,-0.832291,1.8186,2
4.01,0.557164,1.13068,1.90247,-0.841373,1.81441,2
4.02,0.55301,1.1346,1.90345,-0.850435,1.81018,2
4.03,0.548828,1.13849,1.90444,-0.859476,1.80591,2
4.04,0.544617,1.14235,1.90542,-0.868495,1.80159,2
4.05,0.540377,1.14618,1.90641,-0.877492,1.79722,2
4.06,0.536109,1.14999,1.9074,-0.886467,1.79281,2
4.07,0.531811,1.15376,1.90849,-0.89542,1.78836,2
4.08,0.527483,1.15751,1.90966,-0.904351,1.78386,2
4.09,0.523127,1.16124,1.91079,-0.913259,1.77931,2
4.1,0.518744,1.16494,1.9119,-0.922144,1.77473,2
4.11,0.514334,1.16861,1.91299,-0.931007,1.77009,2
4.12,0.509899,1.17227,1.91397,-0.939846,1.76541,2
4.13,0.50544,1.17591,1.91485,-0.948661,1.76069,2
4.14,0.500956,1.17953,1.9157,-0.957453,1.75593,2
4.15,0.496443,1.18312,1.9166,-0.966221,1.75112,2
4.16,0.491901,1.18669,1.91758,-0.974964,1.74627,2
4.17,0.487332,1.19024,1.91854,-0.983684,1.74137,2
4.18,0.482737,1.19376,1.91942,-0.992378,1.73643,2
4.19,0.478117,1.19726,1.9203,-1.00105,1.73145,2
4.2,0.473469,1.20073,1.92119,-1.00969,1.72642,2
4.21,0.468793,1.20418,1.92215,-1.01831,1.72135,2
4.22,0.46409,1.2076,1.92316,-1.02691,1.71623,2
4.23,0.459361,1.21099,1.9241,-1.03548,1.71108,2
4.24,0.454608,1.21435,1.92498,-1.04402,1.70588,2
4.25,0.449829,1.21769,1.92582,-1.05253,1.70064,2
4.26,0.445026,1.221,1.92661,-1.06102,1.69535,2
4.27,0.440201,1.22428,1.92731,-1.06949,1.69003,2
4.28,0.435354,1.22753,1.92796,-1.07793,1.68466,2
4.29,0.430488,1.23075,1.92853,-1.08634,1.67925,2
4.3,0.425604,1.23393,1.92905,-1.09472,1.6738,2
4.31,0.420701,1.23708,1.92958,-1.10307,1.6683,2
4.32,0.415779,1.2402,1.93012,-1.1114,1.66276,2
4.33,0.41084,1.24329,1.93067,-1.1197,1.65719,2
4.34,0.405885,1.24634,1.93125,-1.12797,1.65157,2
4.35,0.400914,1.24936,1.93181,-1.13622,1.64591,2
4.36,0.395927,1.25234,1.93235,-1.14443,1.64021,2
4.37001,0.390919,1.25529,1.93303,-1.15262,1.63446,2
4.38001,0.385891,1.2582,1.93384,-1.16078,1.62868,2
4.39001,0.380843,1.26108,1.93464,-1.16891,1.62285,2
4.40001,0.375776,1.26392,1.93543,-1.17701,1.61699,2
4.41001,0.370687,1.26673,1.93628,-1.18508,1.61108,2
4.42001,0.365577,1.2695,1.93716,-1.19312,1.60514,2
4.43001,0.360445,1.27225,1.93805,-1.20113,1.59915,2
4.44001,0.35529,1.27496,1.93891,-1.20911,1.59313,2
4.45001,0.350111,1.27765,1.93977,-1.21706,1.58706,2
4.46001,0.344907,1.28031,1.94067,-1.22498,1.58096,2
4.47001,0.339678,1.28294,1.94156,-1.23287,1.57481,2
4.48001,0.334425,1.28553,1.94246,-1.24073,1.56863,2
4.49001,0.32915,1.2881,1.94328,-1.24856,1.5624,2
4.50001,0.323855,1.29064,1.94405,-1.25635,1.55614,2
4.51001,0.318538,1.29315,1.9448,-1.26412,1.54984,2
4.52001,0.313203,1.29563,1.94547,-1.27185,1.5435,2
4.53001,0.307847,1.29808,1.94615,-1.27955,1.53712,2
4.54001,0.30247,1.30049,1.94689,-1.28722,1.5307,2
4.55001,0.297071,1.30287,1.94768,-1.29486,1.52425,2
4.56001,0.291652,1.30522,1.94846,-1.30247,1.51776,2
4.57001,0.286212,1.30754,1.9492,-1.31004,1.51122,2
4.58001,0.280755,1.30983,1.94984,-1.31758,1.50465,2
4.59001,0.27528,1.31209,1.95041,-1.32509,1.49805,2
4.60001,0.269787,1.31432,1.95096,-1.33256,1.4914,2
4.61001,0.264279,1.31651,1.9515,-1.34,1.48472,2
4.62001,0.258757,1.31867,1.95205,-1.34741,1.478,2
4.63001,0.253225,1.32078,1.95262,-1.35478,1.47125,2
4.64001,0.247685,1.32286,1.95319,-1.36212,1.46446,2
4.65001,0.242139,1.32491,1.95366,-1.36943,1.45763,2
4.66001,0.236587,1.32692,1.9541,-1.3767,1.45076,2
4.67001,0.231032,1.3289,1.95453,-1.38393,1.44386,2
4.68001,0.225473,1.33085,1.95493,-1.39114,1.43692,2
4.69001,0.219909,1.33277,1.95533,-1.3983,1.42995,2
4.70001,0.214341,1.33465,1.95571,-1.40544,1.42294,2
4.71001,0.208764,1.3365,1.95621,-1.41253,1.41589,2
4.72001,0.203176,1.33831,1.9568,-1.41959,1.40881,2
4.73001,0.197577,1.34009,1.95735,-1.42662,1.4017,2
4.74001,0.191968,1.34185,1.95786,-1.43361,1.39455,2
4.75001,0.186348,1.34357,1.95835,-1.44057,1.38736,2
4.76001,0.180718,1.34525,1.95887,-1.44749,1.38014,2
4.77001,0.175077,1.34691,1.95938,-1.45437,1.37288,2
4.78001,0.169426,1.34853,1.95985,-1.46121,1.3656,2
4.79001,0.163767,1.35013,1.96025,-1.46802,1.35827,2
4.80001,0.1581,1.35169,1.9606,-1.4748,1.35092,2
4.81002,0.152426,1.35322,1.96092,-1.48153,1.34352,2
4.82002,0.146743,1.35472,1.96128,-1.48823,1.3361,2
4.83002,0.141048,1.35618,1.9617,-1.4949,1.32864,2
4.84002,0.13534,1.35761,1.96223,-1.50152,1.32115,2
4.85002,0.129618,1.35899,1.96279,-1.50811,1.31363,2
4.86002,0.123885,1.36035,1.96329,-1.51466,1.30607,2
4.87002,0.11814,1.36166,1.9638,-1.52117,1.29848,2
4.88002,0.112384,1.36294,1.96427,-1.52764,1.29086,2
4.89002,0.106618,1.36419,1.96467,-1.53408,1.2832,2
4.90002,0.100841,1.36541,1.96508,-1.54047,1.27552,2
4.91002,0.0950544,1.36659,1.96546,-1.54683,1.2678,2
4.92002,0.089258,1.36774,1.96581,-1.55315,1.26005,2
4.93002,0.0834505,1.36886,1.96626,-1.55943,1.25227,2
4.94002,0.0776333,1.36995,1.96673,-1.56567,1.24445,2
4.95002,0.0718095,1.371,1.96715,-1.57188,1.23661,2
4.96002,0.0659814,1.37202,1.96756,-1.57804,1.22873,2
4.97002,0.06015,1.37301,1.96792,-1.58416,1.22083,2
4.98002,0.0543146,1.37397,1.96828,-1.59025,1.21289,2
4.99002,0.0484728,1.37489,1.96872,-1.59629,1.20493,2
5.00002,0.0426237,1.37578,1.96919,-1.6023,1.19693,2
5.01002,0.0367686,1.37663,1.96957,-1.60826,1.1889,2
5.02002,0.0309075,1.37745,1.96986,-1.61419,1.18085,2
5.03002,0.0250388,1.37823,1.97021,-1.62007,1.17276,2
5.04002,0.0191628,1.37897,1.97058,-1.62592,1.16464,2
5.05002,0.0132814,1.37969,1.97091,-1.63172,1.1565,2
5.06002,0.00739592,1.38037,1.9712,-1.63748,1.14833,2
5.07002,0.00150665,1.38101,1.97155,-1.6432,1.14013,2
5.08002,-0.00438535,1.38163,1.97197,-1.64888,1.13189,2
5.09002,-0.0102794,1.38221,1.97238,-1.65452,1.12364,2
5.10002,-0.0161762,1.38275,1.97276,-1.66012,1.11535,2
5.11002,-0.022078,1.38327,1.97316,-1.66568,1.10703,2
5.12002,-0.0279854,1.38375,1.97361,-1.67119,1.09869,2
5.13002,-0.0338973,1.3842,1.97405,-1.67666,1.09032,2
5.14002,-0.0398128,1.38461,1.97443,-1.68209,1.08193,2
5.15002,-0.0457318,1.38499,1.97475,-1.68748,1.0735,2
5.16002,-0.0516548,1.38533,1.97505,-1.69283,1.06505,2
5.17002,-0.0575833,1.38564,1.97548,-1.69813,1.05657,2
5.18002,-0.0635176,1.38591,1.97594,-1.70339,1.04807,2
5.19002,-0.0694568,1.38615,1.97632,-1.70861,1.03954,2
5.20002,-0.0753999,1.38635,1.97665,-1.71379,1.03098,2
5.21002,-0.0813453,1.38652,1.97692,-1.71892,1.0224,2
5.22002,-0.0872923,1.38666,1.97716,-1.72401,1.01379,2
5.23002,-0.0932424,1.38676,1.97748,-1.72906,1.00516,2
5.24003,-0.0991963,1.38683,1.97779,-1.73407,0.996502,2
5.25003,-0.105153,1.38687,1.97799,-1.73903,0.987819,2
5.26003,-0.111113,1.38688,1.97825,-1.74394,0.979111,2
5.27003,-0.117076,1.38685,1.97855,-1.74882,0.970379,2
5.28003,-0.12304,1.38678,1.97887,-1.75365,0.961622,2
5.29003,-0.129007,1.38669,1.97919,-1.75843,0.952842,2
5.30003,-0.134974,1.38656,1.97952,-1.76318,0.944038,2
5.31003,-0.140945,1.38639,1.97995,-1.76788,0.93521,2
5.32003,-0.146918,1.38619,1.98039,-1.77253,0.926359,2
5.33003,-0.152893,1.38596,1.98077,-1.77714,0.917484,2
5.34003,-0.158871,1.3857,1.98114,-1.7817,0.908587,2
5.35003,-0.164849,1.3854,1.98143,-1.78622,0.899667,2
5.36003,-0.170827,1.38507,1.98175,-1.7907,0.890724,2
5.37003,-0.176806,1.38471,1.98214,-1.79513,0.88176,2
5.38003,-0.182783,1.3843,1.98253,-1.79952,0.872773,2
5.39003,-0.188757,1.38386,1.98289,-1.80386,0.863764,2
5.40003,-0.19473,1.38339,1.98313,-1.80816,0.854734,2
5.41003,-0.200703,1.38288,1.98341,-1.81241,0.845682,2
5.42003,-0.206676,1.38233,1.98374,-1.81661,0.836609,2
5.43003,-0.212647,1.38175,1.98404,-1.82077,0.827516,2
5.44003,-0.218617,1.38113,1.9843,-1.82489,0.818401,2
5.45003,-0.224586,1.38049,1.98458,-1.82896,0.809266,2
5.46003,-0.230552,1.37981,1.98486,-1.83298,0.800111,2
5.47003,-0.236516,1.3791,1.98508,-1.83696,0.790936,2
5.48003,-0.242479,1.37836,1.98535,-1.84089,0.781741,2
5.49003,-0.248443,1.37759,1.98566,-1.84478,0.772527,2
5.50003,-0.254406,1.3768,1.98585,-1.84862,0.763293,2
5.51003,-0.260369,1.37598,1.98599,-1.85241,0.754041,2
5.52003,-0.266331,1.37513,1.98622,-1.85616,0.744769,2
5.53003,-0.272291,1.37425,1.98642,-1.85986,0.735479,2
5.54003,-0.278249,1.37335,1.98652,-1.86351,0.72617,2
5.55003,-0.284205,1.37241,1.98671,-1.86712,0.716843,2
5.56003,-0.290158,1.37144,1.98703,-1.87068,0.707498,2
5.57003,-0.296107,1.37044,1.98725,-1.87419,0.698136,2
5.58003,-0.302053,1.36941,1.98746,-1.87766,0.688756,2
5.59003,-0.307995,1.36835,1.98777,-1.88108,0.679359,2
5.60003,-0.313938,1.36726,1.98807,-1.88446,0.669945,2
5.61003,-0.31988,1.36614,1.98839,-1.88778,0.660514,2
5.62003,-0.325822,1.36499,1.98878,-1.89106,0.651067,2
5.63003,-0.331766,1.3638,1.98911,-1.89429,0.641603,2
5.64003,-0.33771,1.36258,1.98941,-1.89748,0.632123,2
5.65003,-0.343654,1.36134,1.98964,-1.90061,0.622628,2
5.66003,-0.349597,1.36006,1.98984,-1.9037,0.613117,2
5.67003,-0.355539,1.35875,1.99015,-1.90675,0.603591,2
5.68004,-0.361482,1.35741,1.99047,-1.90974,0.594049,2
5.69004,-0.367423,1.35604,1.99068,-1.91269,0.584493,2
5.70004,-0.373362,1.35464,1.99084,-1.91558,0.574922,2
5.71004,-0.379299,1.35322,1.99104,-1.91844,0.565337,2
5.72004,-0.385235,1.35176,1.99137,-1.92124,0.555737,2
5.73004,-0.391169,1.35026,1.99162,-1.92399,0.546124,2
5.74004,-0.397101,1.34874,1.99184,-1.9267,0.536497,2
5.75004,-0.40303,1.34718,1.99216,-1.92936,0.526857,2
5.76004,-0.408956,1.34559,1.9924,-1.93197,0.517203,2
5.77004,-0.414879,1.34396,1.99261,-1.93453,0.507537,2
5.78004,-0.420796,1.34231,1.9928,-1.93704,0.497857,2
5.79004,-0.426711,1.34063,1.99296,-1.93951,0.488166,2
5.80004,-0.432621,1.33891,1.99321,-1.94193,0.478462,2
5.81004,-0.438528,1.33717,1.9935,-1.94429,0.468746,2
5.82004,-0.44443,1.33539,1.99371,-1.94661,0.459019,2
5.83004,-0.450328,1.33358,1.99391,-1.94888,0.44928,2
5.84004,-0.456221,1.33174,1.99418,-1.95111,0.439529,2
5.85004,-0.462108,1.32986,1.99446,-1.95328,0.429768,2
5.86004,-0.46799,1.32795,1.9947,-1.9554,0.419996,2
5.87004,-0.473866,1.326,1.99498,-1.95748,0.410214,2
5.88004,-0.479738,1.32403,1.99518,-1.95951,0.400421,2
5.89004,-0.485606,1.32203,1.99535,-1.96148,0.390618,2
5.90004,-0.491468,1.31999,1.99553,-1.96341,0.380806,2
5.91004,-0.497319,1.31792,1.99582,-1.96529,0.370984,2
5.92004,-0.50316,1.31581,1.99613,-1.96712,0.361153,2
5.93004,-0.508992,1.31367,1.99626,-1.9689,0.351312,2
5.94004,-0.514813,1.3115,1.99641,-1.97064,0.341463,2
5.95004,-0.520623,1.30929,1.99658,-1.97232,0.331606,2
5.96004,-0.526424,1.30706,1.9966,-1.97395,0.32174,2
5.97004,-0.532214,1.3048,1.99667,-1.97554,0.311866,2
5.98004,-0.537991,1.30249,1.99705,-1.97707,0.301984,2
5.99004,-0.543758,1.30014,1.99752,-1.97856,0.292095,2
6.00004,-0.549516,1.29776,1.9978,-1.97999,0.282198,2
6.01004,-0.555264,1.29535,1.99803,-1.98138,0.272294,2
6.02004,-0.561002,1.29291,1.99823,-1.98271,0.262384,2
6.03004,-0.566732,1.29044,1.99841,-1.984,0.252467,2
6.04004,-0.572451,1.28793,1.9987,-1.98524,0.242543,2
6.05004,-0.57816,1.28539,1.99897,-1.98643,0.232614,2
6.06004,-0.583856,1.28282,1.99918,-1.98756,0.222679,2
6.07004,-0.58954,1.28022,1.99936,-1.98865,0.212738,2
6.08004,-0.595212,1.2776,1.99944,-1.98969,0.202792,2
6.09004,-0.600869,1.27495,1.99961,-1.99068,0.192841,2
6.10004,-0.606514,1.27226,1.99989,-1.99162,0.182885,2
6.11004,-0.612149,1.26954,2.00005,-1.99251,0.172924,2
6.12005,-0.617773,1.2668,2.00019,-1.99335,0.162959,2
6.13005,-0.623385,1.26402,2.00037,-1.99414,0.15299,2
6.14005,-0.628984,1.26122,2.00049,-1.99488,0.143018,2
6.15005,-0.634572,1.25839,2.00054,-1.99557,0.133041,2
6.16005,-0.640145,1.25553,2.00076,-1.99621,0.123061,2
6.17005,-0.645703,1.25264,2.00107,-1.9968,0.113079,2
6.18005,-0.651252,1.24972,2.0012,-1.99734,0.103093,2
6.19005,-0.656789,1.24678,2.00138,-1.99783,0.0931049,2
6.20005,-0.662312,1.24381,2.00163,-1.99827,0.0831143,2
6.21005,-0.667821,1.24081,2.00193,-1.99866,0.0731218,2
6.22005,-0.673315,1.23778,2.00221,-1.999,0.0631273,2
6.23005,-0.678798,1.23473,2.00231,-1.99929,0.0531314,2
6.24005,-0.684266,1.23165,2.00241,-1.99953,0.043134,2
6.25005,-0.689719,1.22854,2.00255,-1.99973,0.0331356,2
6.26005,-0.695157,1.22541,2.00266,-1.99987,0.0231364,2
6.27005,-0.70058,1.22225,2.00273,-1.99996,0.0131366,2
6.28005,-0.705988,1.21907,2.0028,-2,0.00313646,2
6.29005,-0.711379,1.21587,2.00294,-1.99999,-0.00686376,2
6.30005,-0.716756,1.21264,2.00305,-1.99993,-0.0168638,2
6.31005,-0.722119,1.20939,2.00306,-1.99982,-0.0268634,2
6.32005,-0.727466,1.20612,2.00312,-1.99966,-0.0368624,2
6.33005,-0.732797,1.20281,2.00348,-1.99945,-0.0468604,2
6.34005,-0.738112,1.19947,2.00398,-1.99919,-0.0568573,2
6.35005,-0.743414,1.1961,2.00438,-1.99888,-0.0668527,2
6.36005,-0.748702,1.19271,2.00471,-1.99852,-0.0768465,2
6.37005,-0.753977,1.18928,2.0049,-1.99811,-0.0868383,2
6.38005,-0.759239,1.18583,2.00504,-1.99765,-0.096828,2
6.39005,-0.764484,1.18235,2.00524,-1.99715,-0.106815,2
6.40005,-0.769717,1.17883,2.00532,-1.99659,-0.1168,2
6.41005,-0.774936,1.17529,2.00533,-1.99598,-0.126781,2
6.42005,-0.780138,1.17171,2.00544,-1.99532,-0.13676,2
6.43005,-0.785322,1.16809,2.00573,-1.99461,-0.146735,2
6.44005,-0.790489,1.16443,2.00607,-1.99385,-0.156706,2
6.45005,-0.795642,1.16073,2.00636,-1.99304,-0.166674,2
6.46005,-0.800782,1.157,2.0066,-1.99218,-0.176637,2
6.47005,-0.805909,1.15325,2.00676,-1.99128,-0.186596,2
6.48005,-0.81102,1.14945,2.007,-1.99032,-0.19655,2
6.49005,-0.816116,1.14563,2.00728,-1.98931,-0.2065,2
6.50005,-0.821199,1.14177,2.00748,-1.98825,-0.216444,2
6.51005,-0.826267,1.13789,2.00771,-1.98715,-0.226383,2
6.52005,-0.831322,1.13398,2.00793,-1.98599,-0.236316,2
6.53005,-0.836363,1.13004,2.00808,-1.98478,-0.246243,2
6.54005,-0.841388,1.12608,2.00822,-1.98353,-0.256164,2
6.55006,-0.846393,1.12209,2.0084,-1.98222,-0.266079,2
6.56006,-0.851381,1.11808,2.0085,-1.98087,-0.275986,2
6.57006,-0.856349,1.11404,2.00867,-1.97946,-0.285888,2
6.58006,-0.861297,1.10998,2.00893,-1.97801,-0.295781,2
6.59006,-0.866227,1.10589,2.00914,-1.9765,-0.305668,2
6.60006,-0.871135,1.10178,2.00942,-1.97495,-0.315547,2
6.61006,-0.876021,1.09764,2.00971,-1.97335,-0.325418,2
6.62006,-0.88089,1.09348,2.00987,-1.9717,-0.335281,2
6.63006,-0.885743,1.0893,2.00989,-1.97,-0.345135,2
6.64006,-0.890579,1.0851,2.00983,-1.96825,-0.354981,2
6.65006,-0.895395,1.08087,2.00983,-1.96645,-0.364818,2
6.66006,-0.900192,1.0766,2.01001,-1.9646,-0.374646,2
6.67006,-0.90497,1.07229,2.01025,-1.9627,-0.384464,2
6.68006,-0.909729,1.06796,2.01046,-1.96075,-0.394273,2
6.69006,-0.914468,1.0636,2.01064,-1.95876,-0.404072,2
6.70006,-0.919189,1.05921,2.01084,-1.95671,-0.413861,2
6.71006,-0.923892,1.05479,2.01108,-1.95462,-0.42364,2
6.72006,-0.928579,1.05035,2.01123,-1.95247,-0.433408,2
6.73006,-0.933247,1.04588,2.01145,-1.95028,-0.443165,2
6.74006,-0.937897,1.04138,2.01168,-1.94804,-0.452911,2
6.75006,-0.942531,1.03686,2.01181,-1.94575,-0.462646,2
6.76006,-0.947147,1.03232,2.01196,-1.94342,-0.472369,2
6.77006,-0.951746,1.02777,2.01203,-1.94103,-0.48208,2
6.78006,-0.956327,1.02319,2.01207,-1.9386,-0.491779,2
6.79006,-0.960886,1.01859,2.01231,-1.93611,-0.501466,2
6.80006,-0.965425,1.01396,2.01266,-1.93358,-0.511141,2
6.81006,-0.969946,1.00932,2.01286,-1.931,-0.520803,2
6.82006,-0.974446,1.00464,2.01308,-1.92837,-0.530451,2
6.83006,-0.978926,0.999946,2.01332,-1.9257,-0.540087,2
6.84006,-0.983389,0.995228,2.0134,-1.92297,-0.549709,2
6.85006,-0.987834,0.990488,2.0134,-1.9202,-0.559317,2
6.86006,-0.992262,0.985724,2.01343,-1.91738,-0.568911,2
6.87006,-0.996671,0.980935,2.01353,-1.91451,-0.578491,2
6.88006,-1.00107,0.976122,2.01361,-1.91159,-0.588056,2
6.89006,-1.00544,0.971283,2.01376,-1.90863,-0.597607,2
6.90006,-1.0098,0.966419,2.01396,-1.90562,-0.607143,2
6.91006,-1.01414,0.961536,2.01399,-1.90256,-0.616664,2
6.92006,-1.01847,0.956632,2.01398,-1.89945,-0.626169,2
6.93006,-1.02278,0.951706,2.01401,-1.8963,-0.635659,2
6.94006,-1.02706,0.946753,2.01419,-1.89309,-0.645132,2
6.95006,-1.03133,0.941777,2.01443,-1.88984,-0.65459,2
6.96006,-1.03557,0.936781,2.01457,-1.88655,-0.664031,2
6.97006,-1.0398,0.931769,2.01455,-1.8832,-0.673456,2
6.98006,-1.04401,0.926734,2.01456,-1.87981,-0.682864,2
6.99007,-1.04819,0.921674,2.01467,-1.87638,-0.692254,2
7.00007,-1.05235,0.916593,2.01478,-1.87289,-0.701628,2
7.01007,-1.05649,0.911492,2.01487,-1.86936,-0.710984,2
7.02007,-1.06061,0.90637,2.01498,-1.86578,-0.720322,2
7.03007,-1.06471,0.901228,2.01507,-1.86216,-0.729642,2
7.04007,-1.06878,0.896067,2.01516,-1.85848,-0.738943,2
7.05007,-1.07284,0.890886,2.01525,-1.85477,-0.748227,2
7.06007,-1.07687,0.885688,2.01521,-1.851,-0.757491,2
7.07007,-1.08088,0.88047,2.01514,-1.84719,-0.766737,2
7.08007,-1.08486,0.875228,2.01518,-1.84333,-0.775964,2
7.09007,-1.08881,0.869964,2.01529,-1.83943,-0.785171,2
7.10007,-1.09274,0.864683,2.0154,-1.83548,-0.794358,2
7.11007,-1.09665,0.859386,2.01541,-1.83149,-0.803526,2
7.12007,-1.10053,0.854071,2.01542,-1.82745,-0.812674,2
7.13007,-1.10438,0.848739,2.01551,-1.82336,-0.821801,2
7.14007,-1.10821,0.84339,2.01564,-1.81923,-0.830908,2
7.15007,-1.11202,0.838026,2.01572,-1.81505,-0.839993,2
7.16007,-1.1158,0.832645,2.01581,-1.81083,-0.849058,2
7.17007,-1.11955,0.827247,2.01595,-1.80656,-0.858102,2
7.18007,-1.12328,0.821834,2.01599,-1.80225,-0.867124,2
7.19007,-1.12698,0.8164,2.0161,-1.79789,-0.876125,2
7.20007,-1.13065,0.81094,2.01637,-1.79349,-0.885104,2
7.21007,-1.1343,0.805457,2.01658,-1.78904,-0.89406,2
7.22007,-1.13792,0.799956,2.01664,-1.78455,-0.902994,2
7.23007,-1.14152,0.794433,2.01667,-1.78001,-0.911906,2
7.24007,-1.14509,0.788888,2.01674,-1.77543,-0.920795,2
7.25007,-1.14864,0.783323,2.01688,-1.7708,-0.92966,2
7.26007,-1.15215,0.77774,2.01702,-1.76613,-0.938503,2
7.27007,-1.15564,0.772138,2.01718,-1.76141,-0.947322,2
7.28007,-1.1591,0.766518,2.01733,-1.75666,-0.956118,2
7.29007,-1.16254,0.760882,2.01736,-1.75185,-0.964889,2
7.30007,-1.16596,0.755226,2.0174,-1.74701,-0.973636,2
7.31007,-1.16933,0.749543,2.01763,-1.74212,-0.982359,2
7.32007,-1.17268,0.743833,2.01794,-1.73718,-0.991058,2
7.33007,-1.176,0.738103,2.01811,-1.73221,-0.999732,2
7.34007,-1.1793,0.732353,2.0182,-1.72719,-1.00838,2
7.35007,-1.18256,0.726579,2.01839,-1.72212,-1.017,2
7.36007,-1.1858,0.720782,2.0186,-1.71702,-1.0256,2
7.37007,-1.18901,0.714967,2.01871,-1.71187,-1.03417,2
7.38007,-1.19218,0.709137,2.01878,-1.70667,-1.04272,2
7.39007,-1.19533,0.703295,2.01879,-1.70144,-1.05124,2
7.40007,-1.19844,0.69744,2.01874,-1.69616,-1.05974,2
7.41007,-1.20153,0.691572,2.01872,-1.69084,-1.0682,2
7.42007,-1.20459,0.685692,2.01868,-1.68548,-1.07664,2
7.43008,-1.20761,0.679795,2.01875,-1.68007,-1.08506,2
7.44008,-1.2106,0.673878,2.01895,-1.67463,-1.09345,2
7.45008,-1.21356,0.667945,2.01912,-1.66914,-1.1018,2
7.46008,-1.2165,0.661996,2.01922,-1.66361,-1.11014,2
7.47008,-1.21942,0.656035,2.01909,-1.65804,-1.11844,2
7.48008,-1.22231,0.650057,2.01898,-1.65242,-1.12672,2
7.49008,-1.22516,0.644053,2.01918,-1.64677,-1.13497,2
7.50008,-1.22798,0.638028,2.01946,-1.64107,-1.14319,2
7.51008,-1.23078,0.631987,2.01958,-1.63534,-1.15138,2
7.52008,-1.23354,0.625924,2.01983,-1.62956,-1.15954,2
7.53008,-1.23628,0.619837,2.02015,-1.62374,-1.16767,2
7.54008,-1.23898,0.61373,2.02038,-1.61788,-1.17578,2
7.55008,-1.24166,0.607602,2.02059,-1.61198,-1.18385,2
7.56008,-1.24432,0.601457,2.02073,-1.60605,-1.1919,2
7.57008,-1.24695,0.595296,2.02072,-1.60007,-1.19991,2
7.58008,-1.24955,0.589119,2.02068,-1.59405,-1.2079,2
7.59008,-1.25212,0.582918,2.02089,-1.58799,-1.21585,2
7.60008,-1.25465,0.5767,2.02112,-1.58189,-1.22378,2
7.61008,-1.25717,0.570469,2.02115,-1.57575,-1.23167,2
7.62008,-1.25965,0.564222,2.02118,-1.56957,-1.23954,2
7.63008,-1.26211,0.557961,2.02125,-1.56335,-1.24737,2
7.64008,-1.26454,0.551687,2.02131,-1.5571,-1.25517,2
7.65008,-1.26693,0.545399,2.02145,-1.5508,-1.26294,2
7.66008,-1.2693,0.539096,2.0216,-1.54447,-1.27068,2
7.67008,-1.27163,0.532777,2.02178,-1.53809,-1.27838,2
7.68008,-1.27393,0.526439,2.02209,-1.53168,-1.28606,2
7.69008,-1.2762,0.520085,2.02237,-1.52523,-1.2937,2
7.70008,-1.27844,0.513714,2.02264,-1.51875,-1.30131,2
7.71008,-1.28064,0.50733,2.02285,-1.51222,-1.30889,2
7.72008,-1.28282,0.500934,2.02295,-1.50566,-1.31643,2
7.73008,-1.28496,0.494526,2.02304,-1.49905,-1.32395,2
7.74008,-1.28707,0.488103,2.0232,-1.49242,-1.33143,2
7.75008,-1.28915,0.481667,2.02333,-1.48574,-1.33887,2
7.76008,-1.29119,0.475221,2.02335,-1.47903,-1.34628,2
7.77008,-1.2932,0.468763,2.02339,-1.47228,-1.35366,2
7.78008,-1.29518,0.462294,2.02346,-1.46549,-1.36101,2
7.79008,-1.29712,0.455818,2.02355,-1.45867,-1.36832,2
7.80008,-1.29904,0.449337,2.02359,-1.45181,-1.37559,2
7.81008,-1.30092,0.442851,2.02351,-1.44491,-1.38284,2
7.82008,-1.30278,0.436362,2.02347,-1.43798,-1.39004,2
7.83008,-1.30459,0.429868,2.02348,-1.43101,-1.39722,2
7.84008,-1.30638,0.423371,2.02348,-1.42401,-1.40435,2
7.85008,-1.30813,0.416874,2.02344,-1.41697,-1.41146,2
7.86009,-1.30984,0.410374,2.0234,-1.40989,-1.41852,2
7.87009,-1.31151,0.403869,2.02348,-1.40278,-1.42555,2
7.88009,-1.31314,0.397356,2.02356,-1.39564,-1.43255,2
7.89009,-1.31474,0.390835,2.02359,-1.38846,-1.43951,2
7.90009,-1.3163,0.384303,2.02363,-1.38124,-1.44644,2
7.91009,-1.31783,0.377764,2.02363,-1.37399,-1.45332,2
7.92009,-1.31932,0.371216,2.02364,-1.36671,-1.46018,2
7.93009,-1.32079,0.364662,2.02366,-1.35939,-1.46699,2
7.94009,-1.32223,0.358103,2.02361,-1.35204,-1.47377,2
7.95009,-1.32364,0.351538,2.02352,-1.34465,-1.48051,2
7.96009,-1.32501,0.344965,2.02355,-1.33723,-1.48722,2
7.97009,-1.32636,0.338383,2.0236,-1.32978,-1.49388,2
7.98009,-1.32769,0.331795,2.0236,-1.32229,-1.50051,2
7.99009,-1.32898,0.325201,2.02363,-1.31477,-1.50711,2
8.00009,-1.33024,0.318602,2.0237,-1.30722,-1.51366,2
8.01009,-1.33148,0.312001,2.0237,-1.29964,-1.52018,2
8.02009,-1.33269,0.305397,2.02365,-1.29202,-1.52666,2
8.03009,-1.33388,0.298791,2.0236,-1.28437,-1.5331,2
8.04009,-1.33504,0.29218,2.02355,-1.27669,-1.5395,2
8.05009,-1.33618,0.285561,2.02355,-1.26897,-1.54587,2
8.06009,-1.3373,0.278931,2.02352,-1.26123,-1.55219,2
8.07009,-1.33838,0.272287,2.02351,-1.25345,-1.55848,2
8.08009,-1.33944,0.265622,2.02372,-1.24564,-1.56473,2
8.09009,-1.34046,0.258937,2.02404,-1.2378,-1.57094,2
8.10009,-1.34146,0.252238,2.02427,-1.22993,-1.57711,2
8.11009,-1.34243,0.245524,2.02449,-1.22203,-1.58324,2
8.12009,-1.34336,0.238794,2.02481,-1.2141,-1.58933,2
8.13009,-1.34426,0.23205,2.02508,-1.20614,-1.59538,2
8.14009,-1.34513,0.225297,2.02516,-1.19815,-1.60139,2
8.15009,-1.34597,0.218533,2.02525,-1.19012,-1.60736,2
8.16009,-1.34679,0.211759,2.02539,-1.18207,-1.61329,2
8.17009,-1.34757,0.204981,2.02546,-1.17399,-1.61918,2
8.18009,-1.34833,0.198199,2.02533,-1.16588,-1.62503,2
8.19009,-1.34907,0.191412,2.02515,-1.15774,-1.63084,2
8.20009,-1.34976,0.184616,2.02517,-1.14957,-1.63661,2
8.21009,-1.35043,0.177813,2.02527,-1.14137,-1.64233,2
8.22009,-1.35106,0.171004,2.02542,-1.13315,-1.64802,2
8.23009,-1.35166,0.164193,2.02558,-1.12489,-1.65367,2
8.24009,-1.35222,0.157379,2.02567,-1.11661,-1.65927,2
8.25009,-1.35275,0.15056,2.02583,-1.1083,-1.66483,2
8.26009,-1.35324,0.143738,2.02598,-1.09996,-1.67035,2
8.27009,-1.35371,0.136915,2.02603,-1.0916,-1.67583,2
8.28009,-1.35414,0.130093,2.02602,-1.0832,-1.68127,2
8.29009,-1.35455,0.123272,2.02591,-1.07478,-1.68666,2
8.30009,-1.35493,0.116452,2.02586,-1.06634,-1.69202,2
8.31009,-1.35527,0.109631,2.0259,-1.05786,-1.69733,2
8.3201,-1.35557,0.102809,2.02596,-1.04936,-1.7026,2
8.3301,-1.35584,0.0959868,2.02607,-1.04084,-1.70782,2
8.3401,-1.35608,0.0891649,2.02607,-1.03229,-1.71301,2
8.3501,-1.3563,0.0823444,2.02598,-1.02371,-1.71815,2
8.3601,-1.35647,0.0755253,2.0259,-1.0151,-1.72324,2
8.3701,-1.35662,0.0687077,2.02586,-1.00647,-1.7283,2
8.3801,-1.35673,0.0618913,2.02589,-0.99782,-1.73331,2
8.3901,-1.35682,0.0550767,2.02592,-0.989141,-1.73827,2
8.4001,-1.35688,0.0482658,2.02575,-0.980437,-1.7432,2
8.4101,-1.35691,0.0414606,2.02549,-0.971709,-1.74808,2
8.4201,-1.35691,0.0346622,2.02529,-0.962956,-1.75292,2
8.4301,-1.35686,0.0278691,2.0252,-0.954179,-1.75771,2
8.4401,-1.35678,0.0210797,2.02517,-0.945379,-1.76246,2
8.4501,-1.35667,0.0142939,2.02507,-0.936554,-1.76716,2
8.4601,-1.35653,0.00751057,2.02496,-0.927707,-1.77182,2
8.4701,-1.35635,0.000727351,2.02486,-0.918836,-1.77644,2
8.4801,-1.35614,-0.00605923,2.02492,-0.909942,-1.78101,2
8.4901,-1.3559,-0.0128504,2.02509,-0.901025,-1.78554,2
8.5001,-1.35562,-0.0196451,2.02523,-0.892086,-1.79002,2
8.5101,-1.35532,-0.0264423,2.02531,-0.883125,-1.79446,2
8.5201,-1.35499,-0.0332409,2.02531,-0.874141,-1.79885,2
8.5301,-1.35462,-0.0400412,2.02537,-0.865136,-1.8032,2
8.5401,-1.35422,-0.046842,2.02545,-0.856109,-1.80751,2
8.5501,-1.35379,-0.0536412,2.02545,-0.847061,-1.81176,2
8.5601,-1.35333,-0.0604381,2.02548,-0.837991,-1.81598,2
8.5701,-1.35283,-0.0672318,2.02551,-0.8289,-1.82014,2
8.5801,-1.35229,-0.0740204,2.02554,-0.819789,-1.82427,2
8.5901,-1.35172,-0.0808027,2.02553,-0.810657,-1.82834,2
8.6001,-1.35111,-0.0875771,2.0255,-0.801505,-1.83237,2
8.6101,-1.35046,-0.0943424,2.0255,-0.792333,-1.83636,2
8.6201,-1.34978,-0.101099,2.02544,-0.783141,-1.8403,2
8.6301,-1.34907,-0.107848,2.02536,-0.77393,-1.84419,2
8.6401,-1.34832,-0.114589,2.0253,-0.764699,-1.84804,2
8.6501,-1.34754,-0.121323,2.02521,-0.755449,-1.85184,2
8.6601,-1.34673,-0.128049,2.02526,-0.746181,-1.85559,2
8.6701,-1.34588,-0.13477,2.02545,-0.736893,-1.8593,2
8.6801,-1.34502,-0.141486,2.02548,-0.727587,-1.86296,2
8.6901,-1.34412,-0.148196,2.02548,-0.718263,-1.86657,2
8.7001,-1.3432,-0.154899,2.02554,-0.708921,-1.87014,2
8.7101,-1.34224,-0.161597,2.02562,-0.699561,-1.87366,2
8.7201,-1.34126,-0.168289,2.02574,-0.690184,-1.87714,2
8.7301,-1.34026,-0.174974,2.02583,-0.68079,-1.88057,2
8.7401,-1.33923,-0.181653,2.02578,-0.671378,-1.88395,2
8.7501,-1.33817,-0.188326,2.02578,-0.66195,-1.88728,2
8.76011,-1.33708,-0.194993,2.02592,-0.652505,-1.89057,2
8.77011,-1.33597,-0.201654,2.02596,-0.643044,-1.8938,2
8.78011,-1.33484,-0.208307,2.0259,-0.633567,-1.897,2
8.79011,-1.33369,-0.214951,2.02574,-0.624074,-1.90014,2
8.80011,-1.3325,-0.221589,2.02568,-0.614565,-1.90324,2
8.81011,-1.33128,-0.228219,2.02579,-0.605041,-1.90629,2
8.82011,-1.33002,-0.234844,2.02593,-0.595502,-1.90929,2
8.83011,-1.32873,-0.241461,2.02604,-0.585948,-1.91224,2
8.84011,-1.3274,-0.248071,2.02612,-0.576379,-1.91515,2
8.85011,-1.32605,-0.254672,2.02613,-0.566796,-1.918,2
8.86011,-1.32467,-0.261262,2.02606,-0.557198,-1.92081,2
8.87011,-1.32325,-0.267841,2.02603,-0.547587,-1.92358,2
8.88011,-1.32181,-0.274409,2.02606,-0.537962,-1.92629,2
8.89011,-1.32032,-0.280967,2.02621,-0.528324,-1.92896,2
8.90011,-1.3188,-0.287518,2.02648,-0.518672,-1.93157,2
8.91011,-1.31724,-0.294064,2.02668,-0.509008,-1.93414,2
8.92011,-1.31565,-0.300605,2.02671,-0.499331,-1.93666,2
8.93011,-1.31402,-0.30714,2.02674,-0.489641,-1.93914,2
8.94011,-1.31236,-0.313669,2.02684,-0.479939,-1.94156,2
8.95011,-1.31067,-0.320196,2.02689,-0.470225,-1.94394,2
8.96011,-1.30895,-0.326719,2.02693,-0.460499,-1.94626,2
8.97011,-1.3072,-0.333239,2.02697,-0.450762,-1.94854,2
8.98011,-1.30541,-0.339754,2.02702,-0.441013,-1.95077,2
8.99011,-1.30359,-0.346263,2.02708,-0.431254,-1.95295,2
9.00011,-1.30174,-0.352764,2.02713,-0.421483,-1.95508,2
9.01011,-1.29986,-0.359256,2.02725,-0.411703,-1.95717,2
9.02011,-1.29794,-0.365738,2.02729,-0.401911,-1.9592,2
9.03011,-1.29599,-0.372211,2.02719,-0.39211,-1.96119,2
9.04011,-1.294,-0.378673,2.02722,-0.382299,-1.96312,2
9.05011,-1.29197,-0.385127,2.02732,-0.372479,-1.96501,2
9.06011,-1.2899,-0.391574,2.02733,-0.362649,-1.96685,2
9.07011,-1.28781,-0.398013,2.02724,-0.35281,-1.96864,2
9.08011,-1.28568,-0.404444,2.02722,-0.342962,-1.97037,2
9.09011,-1.28352,-0.410866,2.02731,-0.333106,-1.97207,2
9.10011,-1.28133,-0.41728,2.02735,-0.323241,-1.97371,2
9.11011,-1.27911,-0.423683,2.02737,-0.313368,-1.9753,2
9.12011,-1.27687,-0.430076,2.02731,-0.303488,-1.97684,2
9.13011,-1.27461,-0.436459,2.02719,-0.293599,-1.97833,2
9.14011,-1.27232,-0.44283,2.02709,-0.283704,-1.97978,2
9.15011,-1.27001,-0.449188,2.02709,-0.273801,-1.98117,2
9.16011,-1.26768,-0.455535,2.02706,-0.263892,-1.98251,2
9.17011,-1.26532,-0.461868,2.02698,-0.253976,-1.98381,2
9.18011,-1.26295,-0.468185,2.02692,-0.244053,-1.98505,2
9.19011,-1.26054,-0.474485,2.02692,-0.234125,-1.98625,2
9.20012,-1.25811,-0.480769,2.02693,-0.224191,-1.98739,2
9.21012,-1.25564,-0.487037,2.02697,-0.214251,-1.98849,2
9.22012,-1.25315,-0.493291,2.02707,-0.204305,-1.98954,2
9.23012,-1.25061,-0.499531,2.02725,-0.194355,-1.99053,2
9.24012,-1.24805,-0.505757,2.02742,-0.1844,-1.99148,2
9.25012,-1.24546,-0.511971,2.02745,-0.17444,-1.99238,2
9.26012,-1.24284,-0.51817,2.02746,-0.164475,-1.99323,2
9.27012,-1.24018,-0.524354,2.02753,-0.154507,-1.99402,2
9.28012,-1.23749,-0.530524,2.02768,-0.144535,-1.99477,2
9.29012,-1.23477,-0.536683,2.02784,-0.134559,-1.99547,2
9.30012,-1.23202,-0.54283,2.02794,-0.12458,-1.99612,2
9.31012,-1.22924,-0.548965,2.02803,-0.114597,-1.99671,2
9.32012,-1.22642,-0.555085,2.02814,-0.104612,-1.99726,2
9.33012,-1.22357,-0.561193,2.02817,-0.0946244,-1.99776,2
9.34012,-1.2207,-0.567286,2.02814,-0.0846343,-1.99821,2
9.35012,-1.21778,-0.573361,2.02823,-0.074642,-1.99861,2
9.36012,-1.21484,-0.57942,2.02837,-0.0646478,-1.99895,2
9.37012,-1.21186,-0.585463,2.0284,-0.0546521,-1.99925,2
9.38012,-1.20885,-0.591489,2.02838,-0.0446549,-1.9995,2
9.39012,-1.20581,-0.597497,2.02841,-0.0346567,-1.9997,2
9.40012,-1.20274,-0.603486,2.02846,-0.0246576,-1.99985,2
9.41012,-1.19964,-0.609458,2.02853,-0.0146578,-1.99995,2
9.42012,-1.1965,-0.61541,2.0285,-0.00465772,-1.99999,2
9.43012,-1.19334,-0.621342,2.0284,0.0053425,-1.99999,2
9.44012,-1.19015,-0.627251,2.02831,0.0153426,-1.99994,2
9.45012,-1.18692,-0.633137,2.02825,0.0253423,-1.99984,2
9.46012,-1.18366,-0.639001,2.02823,0.0353414,-1.99969,2
9.47012,-1.18038,-0.644842,2.02819,0.0453395,-1.99949,2
9.48012,-1.17707,-0.65066,2.02815,0.0553366,-1.99923,2
9.49012,-1.17373,-0.656457,2.028,0.0653323,-1.99893,2
9.50012,-1.17038,-0.662233,2.02775,0.0753263,-1.99858,2
9.51012,-1.16699,-0.667983,2.02762,0.0853184,-1.99818,2
9.52012,-1.16356,-0.673707,2.02762,0.0953085,-1.99773,2
9.53012,-1.1601,-0.67941,2.02773,0.105296,-1.99723,2
9.54012,-1.15661,-0.685093,2.02781,0.115281,-1.99667,2
9.55012,-1.15308,-0.690756,2.02794,0.125263,-1.99607,2
9.56012,-1.14952,-0.696398,2.02815,0.135242,-1.99542,2
9.57012,-1.14594,-0.702022,2.02825,0.145218,-1.99472,2
9.58012,-1.14232,-0.707628,2.02822,0.15519,-1.99397,2
9.59012,-1.13869,-0.713215,2.02816,0.165158,-1.99317,2
9.60012,-1.13502,-0.718779,2.02821,0.175122,-1.99232,2
9.61012,-1.13131,-0.72432,2.02832,0.185081,-1.99142,2
9.62012,-1.12757,-0.729841,2.02845,0.195036,-1.99047,2
9.63013,-1.1238,-0.73534,2.02866,0.204986,-1.98947,2
9.64013,-1.11999,-0.740821,2.02882,0.214931,-1.98842,2
9.65013,-1.11615,-0.746284,2.02888,0.224871,-1.98732,2
9.66013,-1.11227,-0.751729,2.02894,0.234805,-1.98617,2
9.67013,-1.10838,-0.757153,2.02895,0.244733,-1.98497,2
9.68013,-1.10445,-0.762556,2.02892,0.254655,-1.98372,2
9.69013,-1.1005,-0.767938,2.02881,0.264571,-1.98242,2
9.70013,-1.09652,-0.773296,2.02874,0.27448,-1.98108,2
9.71013,-1.0925,-0.778629,2.02884,0.284382,-1.97968,2
9.72013,-1.08845,-0.783939,2.02892,0.294277,-1.97823,2
9.73013,-1.08437,-0.789229,2.02896,0.304164,-1.97674,2
9.74013,-1.08026,-0.794495,2.02905,0.314045,-1.97519,2
9.75013,-1.07611,-0.799739,2.02915,0.323917,-1.9736,2
9.76013,-1.07194,-0.804961,2.02931,0.333781,-1.97195,2
9.77013,-1.06773,-0.810165,2.02942,0.343637,-1.97026,2
9.78013,-1.06351,-0.815354,2.02933,0.353484,-1.96851,2
9.79013,-1.05926,-0.820527,2.02916,0.363322,-1.96672,2
9.80013,-1.05498,-0.825684,2.02895,0.373151,-1.96488,2
9.81013,-1.05068,-0.830824,2.02887,0.382971,-1.96299,2
9.82013,-1.04634,-0.835948,2.02885,0.392782,-1.96105,2
9.83013,-1.04198,-0.841056,2.02885,0.402582,-1.95906,2
9.84013,-1.03759,-0.846144,2.02894,0.412373,-1.95703,2
9.85013,-1.03316,-0.851212,2.0291,0.422153,-1.95494,2
9.86013,-1.02871,-0.856262,2.02921,0.431922,-1.9528,2
9.87013,-1.02424,-0.861297,2.0291,0.441681,-1.95062,2
9.88013,-1.01975,-0.86631,2.02903,0.451429,-1.94839,2
9.89013,-1.01522,-0.871297,2.02917,0.461165,-1.94611,2
9.90013,-1.01065,-0.876263,2.02944,0.47089,-1.94378,2
9.91013,-1.00606,-0.881212,2.02963,0.480604,-1.9414,2
9.92013,-1.00145,-0.886146,2.02962,0.490305,-1.93897,2
9.93013,-0.996812,-0.891062,2.02957,0.499994,-1.93649,2
9.94013,-0.992158,-0.89596,2.02943,0.50967,-1.93397,2
9.95013,-0.987481,-0.900837,2.02937,0.519334,-1.9314,2
9.96013,-0.98278,-0.905692,2.02938,0.528984,-1.92878,2
9.97013,-0.978056,-0.910526,2.0294,0.538622,-1.92611,2
9.98013,-0.973308,-0.915337,2.02946,0.548246,-1.92339,2
9.99013,-0.968542,-0.920129,2.02935,0.557856,-1.92062,2
10.0001,-0.963754,-0.9249,2.02918,0.567452,-1.91781,2
10.0101,-0.958935,-0.929643,2.02917,0.577035,-1.91495,2
10.0201,-0.954084,-0.934359,2.02927,0.586602,-1.91204,2
10.0301,-0.949206,-0.939053,2.0293,0.596155,-1.90908,2
10.0401,-0.944302,-0.943725,2.02925,0.605693,-1.90608,2
10.0501,-0.939374,-0.948371,2.02922,0.615216,-1.90303,2
10.0601,-0.934424,-0.95299,2.02927,0.624724,-1.89993,2
10.0701,-0.929457,-0.957583,2.0293,0.634216,-1.89678,2
10.0801,-0.924476,-0.962153,2.02922,0.643692,-1.89358,2
10.0901,-0.919482,-0.966697,2.02906,0.653152,-1.89034,2
10.1001,-0.914471,-0.971215,2.02886,0.662596,-1.88705,2
10.1101,-0.909441,-0.975705,2.02877,0.672023,-1.88372,2
10.1201,-0.904386,-0.980166,2.02886,0.681433,-1.88033,2
10.1301,-0.899309,-0.984604,2.02894,0.690827,-1.8769,2
10.1401,-0.894213,-0.989022,2.02891,0.700203,-1.87342,2
10.1501,-0.889093,-0.993414,2.029,0.709561,-1.8699,2
10.1601,-0.883947,-0.997782,2.02917,0.718902,-1.86633,2
10.1701,-0.878784,-1.00213,2.02921,0.728225,-1.86271,2
10.1801,-0.873603,-1.00646,2.02913,0.73753,-1.85905,2
10.1901,-0.868399,-1.01076,2.02921,0.746816,-1.85533,2
10.2001,-0.863174,-1.01503,2.02934,0.756083,-1.85158,2
10.2101,-0.857934,-1.01929,2.02934,0.765332,-1.84777,2
10.2201,-0.852681,-1.02353,2.02923,0.774561,-1.84392,2
10.2301,-0.847412,-1.02775,2.02917,0.783772,-1.84003,2
10.2401,-0.842126,-1.03195,2.02922,0.792962,-1.83609,2
10.2501,-0.836822,-1.03612,2.02929,0.802133,-1.8321,2
10.2601,-0.831503,-1.04026,2.02932,0.811283,-1.82806,2
10.2701,-0.826171,-1.04439,2.02918,0.820414,-1.82398,2
10.2801,-0.820822,-1.0485,2.02907,0.829524,-1.81986,2
10.2901,-0.815452,-1.05257,2.02913,0.838613,-1.81569,2
10.3001,-0.810065,-1.05662,2.02919,0.847681,-1.81147,2
10.3101,-0.804662,-1.06064,2.02919,0.856728,-1.80721,2
10.3201,-0.799244,-1.06463,2.02916,0.865753,-1.80291,2
10.3301,-0.793814,-1.0686,2.029,0.874757,-1.79856,2
10.3401,-0.788367,-1.07254,2.02879,0.883739,-1.79416,2
10.3501,-0.782896,-1.07645,2.02877,0.892699,-1.78972,2
10.3601,-0.777397,-1.08033,2.02893,0.901637,-1.78523,2
10.3701,-0.77187,-1.08419,2.02912,0.910552,-1.7807,2
10.3801,-0.766319,-1.08802,2.02923,0.919444,-1.77613,2
10.3901,-0.760747,-1.09182,2.02927,0.928313,-1.77151,2
10.4001,-0.755155,-1.09561,2.02922,0.937159,-1.76684,2
10.4101,-0.749541,-1.09937,2.02915,0.945982,-1.76213,2
10.4201,-0.743906,-1.1031,2.02917,0.954781,-1.75738,2
10.4301,-0.738253,-1.10681,2.02913,0.963556,-1.75259,2
10.4401,-0.732588,-1.1105,2.02893,0.972307,-1.74775,2
10.4501,-0.726906,-1.11416,2.02875,0.981034,-1.74286,2
10.4601,-0.721204,-1.11779,2.02878,0.989736,-1.73794,2
10.4701,-0.715484,-1.12139,2.02886,0.998414,-1.73297,2
10.4801,-0.709745,-1.12497,2.029,1.00707,-1.72795,2
10.4901,-0.703989,-1.12852,2.02914,1.01569,-1.72289,2
10.5001,-0.698218,-1.13204,2.02918,1.0243,-1.71779,2
10.5101,-0.692428,-1.13553,2.0292,1.03287,-1.71265,2
10.5201,-0.686617,-1.13899,2.02932,1.04142,-1.70747,2
10.5301,-0.680785,-1.14241,2.02948,1.04995,-1.70224,2
10.5401,-0.674939,-1.1458,2.02952,1.05844,-1.69697,2
10.5501,-0.669077,-1.14917,2.02948,1.06692,-1.69165,2
10.5601,-0.663201,-1.1525,2.0294,1.07536,-1.6863,2
10.5701,-0.657309,-1.1558,2.02927,1.08378,-1.6809,2
10.5801,-0.651399,-1.15907,2.02913,1.09217,-1.67546,2
10.5901,-0.645468,-1.16232,2.02909,1.10053,-1.66998,2
10.6001,-0.639516,-1.16554,2.02916,1.10887,-1.66445,2
10.6101,-0.633543,-1.16872,2.02926,1.11718,-1.65889,2
10.6201,-0.627549,-1.17189,2.02936,1.12546,-1.65328,2
10.6301,-0.621533,-1.17502,2.02952,1.13371,-1.64763,2
10.6401,-0.615497,-1.17812,2.02968,1.14194,-1.64194,2
10.6501,-0.609446,-1.1812,2.02971,1.15013,-1.63621,2
10.6601,-0.603378,-1.18425,2.02967,1.1583,-1.63044,2
10.6701,-0.59729,-1.18727,2.02973,1.16644,-1.62463,2
10.6801,-0.591181,-1.19026,2.02989,1.17455,-1.61878,2
10.6901,-0.585054,-1.19322,2.02997,1.18263,-1.61288,2
10.7001,-0.578907,-1.19614,2.03009,1.19068,-1.60695,2
10.7101,-0.572743,-1.19904,2.03016,1.1987,-1.60098,2
10.7201,-0.566563,-1.20192,2.03015,1.20669,-1.59496,2
10.7302,-0.560368,-1.20476,2.03022,1.21465,-1.58891,2
10.7402,-0.554158,-1.20757,2.03029,1.22257,-1.58282,2
10.7502,-0.547933,-1.21035,2.03042,1.23047,-1.57668,2
10.7602,-0.541695,-1.2131,2.03052,1.23834,-1.57051,2
10.7702,-0.535446,-1.21582,2.03049,1.24618,-1.5643,2
10.7802,-0.529183,-1.21851,2.03054,1.25399,-1.55805,2
10.7902,-0.522908,-1.22117,2.03057,1.26176,-1.55176,2
10.8002,-0.516622,-1.2238,2.03054,1.2695,-1.54543,2
10.8102,-0.510326,-1.2264,2.03053,1.27721,-1.53907,2
10.8202,-0.504023,-1.22897,2.03052,1.28489,-1.53266,2
10.8302,-0.497717,-1.2315,2.03047,1.29254,-1.52622,2
10.8402,-0.49141,-1.234,2.03027,1.30016,-1.51973,2
10.8502,-0.485102,-1.23647,2.0301,1.30774,-1.51321,2
10.8602,-0.478791,-1.23889,2.03008,1.31529,-1.50666,2
10.8702,-0.472477,-1.24129,2.03005,1.32281,-1.50006,2
10.8802,-0.46616,-1.24365,2.02983,1.33029,-1.49343,2
10.8902,-0.459838,-1.24599,2.02953,1.33774,-1.48676,2
10.9002,-0.453506,-1.24829,2.02926,1.34516,-1.48005,2
10.9102,-0.447159,-1.25056,2.02906,1.35254,-1.47331,2
10.9202,-0.440791,-1.25279,2.02905,1.35989,-1.46653,2
10.9302,-0.434397,-1.25499,2.02927,1.36721,-1.45971,2
10.9402,-0.427977,-1.25715,2.02954,1.37449,-1.45285,2
10.9502,-0.421537,-1.25929,2.02975,1.38174,-1.44596,2
10.9602,-0.415077,-1.26139,2.02988,1.38895,-1.43904,2
10.9702,-0.408599,-1.26347,2.02993,1.39613,-1.43207,2
10.9802,-0.402106,-1.26551,2.03002,1.40327,-1.42507,2
10.9902,-0.395603,-1.26753,2.03007,1.41038,-1.41804,2
11.0002,-0.389091,-1.26952,2.03,1.41745,-1.41097,2
11.0102,-0.382572,-1.27149,2.02998,1.42449,-1.40386,2
11.0202,-0.376043,-1.27341,2.03004,1.43149,-1.39672,2
11.0302,-0.36951,-1.27531,2.03007,1.43845,-1.38955,2
11.0402,-0.362972,-1.27718,2.03007,1.44538,-1.38234,2
11.0502,-0.356432,-1.27903,2.03003,1.45228,-1.3751,2
11.0602,-0.34989,-1.28084,2.02989,1.45914,-1.36782,2
11.0702,-0.343344,-1.28263,2.02968,1.46596,-1.3605,2
11.0802,-0.33679,-1.28439,2.02949,1.47274,-1.35316,2
11.0902,-0.330225,-1.28611,2.02947,1.47949,-1.34578,2
11.1002,-0.323646,-1.28779,2.02959,1.4862,-1.33836,2
11.1102,-0.317052,-1.28944,2.02979,1.49287,-1.33091,2
11.1202,-0.310444,-1.29106,2.03001,1.49951,-1.32343,2
11.1302,-0.303827,-1.29264,2.03009,1.50611,-1.31592,2
11.1402,-0.297203,-1.29419,2.03006,1.51267,-1.30837,2
11.1502,-0.290576,-1.29571,2.02998,1.51919,-1.30079,2
11.1602,-0.283948,-1.2972,2.02983,1.52568,-1.29318,2
11.1702,-0.277321,-1.29866,2.02966,1.53212,-1.28553,2
11.1802,-0.270694,-1.30007,2.02956,1.53853,-1.27786,2
11.1902,-0.264066,-1.30144,2.02958,1.5449,-1.27015,2
11.2002,-0.257431,-1.30278,2.02967,1.55123,-1.26241,2
11.2102,-0.250791,-1.30408,2.02973,1.55753,-1.25464,2
11.2202,-0.244144,-1.30534,2.02969,1.56378,-1.24683,2
11.2302,-0.237492,-1.30658,2.02964,1.56999,-1.239,2
11.2402,-0.230834,-1.30777,2.02958,1.57617,-1.23113,2
11.2502,-0.224173,-1.30894,2.02946,1.58231,-1.22324,2
11.2602,-0.217507,-1.31007,2.02942,1.5884,-1.21531,2
11.2702,-0.210838,-1.31117,2.02941,1.59446,-1.20735,2
11.2802,-0.204169,-1.31223,2.02933,1.60048,-1.19936,2
11.2902,-0.197501,-1.31326,2.02915,1.60645,-1.19135,2
11.3002,-0.190837,-1.31426,2.029,1.61239,-1.1833,2
11.3102,-0.184177,-1.31522,2.02896,1.61829,-1.17522,2
11.3202,-0.177522,-1.31615,2.02892,1.62414,-1.16712,2
11.3302,-0.17087,-1.31704,2.02876,1.62996,-1.15898,2
11.3402,-0.164221,-1.31791,2.02851,1.63573,-1.15082,2
11.3502,-0.15757,-1.31873,2.02834,1.64147,-1.14262,2
11.3602,-0.150911,-1.31952,2.02837,1.64716,-1.1344,2
11.3702,-0.144238,-1.32027,2.02858,1.65281,-1.12615,2
11.3802,-0.137551,-1.32098,2.0288,1.65842,-1.11787,2
11.3902,-0.130851,-1.32166,2.02901,1.66399,-1.10957,2
11.4002,-0.124136,-1.3223,2.0293,1.66952,-1.10123,2
11.4102,-0.117411,-1.3229,2.02959,1.675,-1.09287,2
11.4202,-0.110677,-1.32347,2.02978,1.68045,-1.08448,2
11.4302,-0.103934,-1.324,2.02991,1.68585,-1.07607,2
11.4402,-0.0971838,-1.32449,2.03004,1.69121,-1.06762,2
11.4502,-0.0904294,-1.32495,2.03005,1.69652,-1.05915,2
11.4602,-0.0836728,-1.32538,2.02999,1.7018,-1.05066,2
11.4702,-0.0769142,-1.32577,2.02996,1.70703,-1.04214,2
11.4802,-0.0701545,-1.32613,2.03,1.71222,-1.03359,2
11.4902,-0.0633959,-1.32646,2.03001,1.71737,-1.02501,2
11.5002,-0.0566396,-1.32676,2.02998,1.72247,-1.01641,2
11.5102,-0.049886,-1.32703,2.02989,1.72753,-1.00779,2
11.5202,-0.0431353,-1.32727,2.0298,1.73255,-0.999138,2
11.5302,-0.0363881,-1.32748,2.02975,1.73752,-0.990463,2
11.5402,-0.0296441,-1.32767,2.02962,1.74245,-0.981762,2
11.5502,-0.0229015,-1.32783,2.02932,1.74734,-0.973038,2
11.5602,-0.0161573,-1.32796,2.02904,1.75218,-0.964289,2
11.5702,-0.00940793,-1.32806,2.0288,1.75698,-0.955516,2
11.5802,-0.00264842,-1.32813,2.02873,1.76174,-0.946719,2
11.5902,0.00412488,-1.32816,2.02887,1.76645,-0.937898,2
11.6002,0.010909,-1.32816,2.02899,1.77112,-0.929054,2
11.6102,0.0177001,-1.32813,2.02906,1.77574,-0.920186,2
11.6202,0.0244948,-1.32807,2.02913,1.78032,-0.911296,2
11.6302,0.0312887,-1.32798,2.0292,1.78485,-0.902383,2
11.6402,0.0380775,-1.32786,2.02927,1.78934,-0.893447,2
11.6502,0.0448572,-1.32771,2.02933,1.79379,-0.884489,2
11.6602,0.0516251,-1.32753,2.02932,1.79819,-0.875509,2
11.6702,0.0583781,-1.32732,2.02931,1.80254,-0.866507,2
11.6802,0.0651162,-1.32709,2.02922,1.80685,-0.857483,2
11.6902,0.0718399,-1.32683,2.02901,1.81112,-0.848438,2
11.7002,0.0785479,-1.32654,2.02891,1.81534,-0.839372,2
11.7102,0.0852436,-1.32622,2.02894,1.81951,-0.830284,2
11.7202,0.0919316,-1.32587,2.02895,1.82364,-0.821176,2
11.7302,0.0986135,-1.32549,2.02894,1.82773,-0.812047,2
11.7402,0.10529,-1.32508,2.02892,1.83176,-0.802898,2
11.7502,0.111961,-1.32463,2.0289,1.83575,-0.793729,2
11.7602,0.118626,-1.32416,2.02888,1.8397,-0.784541,2
11.7702,0.125284,-1.32365,2.02878,1.8436,-0.775332,2
11.7802,0.131935,-1.32311,2.02871,1.84745,-0.766104,2
11.7902,0.138577,-1.32254,2.02873,1.85126,-0.756857,2
11.8002,0.145213,-1.32191,2.02892,1.85502,-0.747591,2
11.8102,0.151845,-1.32126,2.02909,1.85874,-0.738307,2
11.8202,0.158474,-1.32057,2.02927,1.86241,-0.729004,2
11.8302,0.165104,-1.31985,2.02951,1.86603,-0.719682,2
11.8402,0.171735,-1.31909,2.02971,1.8696,-0.710343,2
11.8502,0.178366,-1.31831,2.02985,1.87313,-0.700986,2
11.8602,0.184997,-1.31749,2.02995,1.87661,-0.691611,2
11.8702,0.191626,-1.31664,2.02998,1.88005,-0.682219,2
11.8802,0.19825,-1.31575,2.02996,1.88343,-0.67281,2
11.8902,0.204869,-1.31482,2.02998,1.88678,-0.663385,2
11.9002,0.211482,-1.31387,2.02993,1.89007,-0.653942,2
11.9102,0.21809,-1.31287,2.02984,1.89331,-0.644484,2
11.9202,0.224693,-1.31184,2.02985,1.89651,-0.635009,2
11.9302,0.231294,-1.31077,2.02995,1.89966,-0.625518,2
11.9402,0.237892,-1.30966,2.03003,1.90277,-0.616012,2
11.9502,0.244485,-1.30851,2.03021,1.90583,-0.60649,2
11.9602,0.251073,-1.30731,2.03043,1.90883,-0.596953,2
11.9702,0.257656,-1.30609,2.0305,1.91179,-0.587401,2
11.9802,0.264233,-1.30483,2.03049,1.91471,-0.577835,2
11.9902,0.270803,-1.30353,2.03044,1.91757,-0.568254,2
12.0002,0.277362,-1.3022,2.03044,1.92039,-0.558659,2
12.0102,0.28391,-1.30082,2.03049,1.92316,-0.54905,2
12.0202,0.290447,-1.29942,2.03052,1.92588,-0.539427,2
12.0302,0.296973,-1.29798,2.03051,1.92855,-0.529791,2
12.0402,0.303487,-1.29651,2.03046,1.93118,-0.520141,2
12.0502,0.30999,-1.29501,2.03043,1.93376,-0.510478,2
12.0602,0.316484,-1.29347,2.03045,1.93628,-0.500803,2
12.0702,0.32297,-1.2919,2.03047,1.93876,-0.491115,2
12.0802,0.329447,-1.2903,2.03051,1.9412,-0.481415,2
12.0902,0.335915,-1.28867,2.03052,1.94358,-0.471703,2
12.1002,0.342372,-1.28701,2.03041,1.94591,-0.461979,2
12.1102,0.348821,-1.28531,2.03031,1.9482,-0.452243,2
12.1202,0.35526,-1.28359,2.03034,1.95044,-0.442497,2
12.1302,0.361692,-1.28184,2.03035,1.95262,-0.432739,2
12.1402,0.368114,-1.28006,2.03029,1.95476,-0.42297,2
12.1502,0.374524,-1.27826,2.03027,1.95685,-0.413191,2
12.1602,0.380925,-1.27643,2.03023,1.95889,-0.403401,2
12.1702,0.387315,-1.27458,2.03022,1.96089,-0.393601,2
12.1802,0.393695,-1.27271,2.03027,1.96283,-0.383792,2
12.1902,0.400064,-1.2708,2.03023,1.96473,-0.373973,2
12.2002,0.406421,-1.26887,2.03014,1.96657,-0.364144,2
12.2102,0.412762,-1.26691,2.03023,1.96837,-0.354307,2
12.2202,0.41909,-1.2649,2.03035,1.97011,-0.34446,2
12.2302,0.425405,-1.26287,2.0303,1.97181,-0.334605,2
12.2402,0.431704,-1.2608,2.03026,1.97346,-0.324742,2
12.2502,0.437987,-1.2587,2.03029,1.97506,-0.31487,2
12.2602,0.444254,-1.25655,2.03034,1.97661,-0.304991,2
12.2702,0.450506,-1.25436,2.03042,1.97811,-0.295104,2
12.2802,0.456744,-1.25214,2.03042,1.97956,-0.285209,2
12.2902,0.46297,-1.24988,2.03042,1.98096,-0.275308,2
12.3002,0.469186,-1.24759,2.03043,1.98231,-0.265399,2
12.3102,0.475393,-1.24527,2.03045,1.98361,-0.255484,2
12.3202,0.481591,-1.24292,2.03054,1.98487,-0.245563,2
12.3302,0.487783,-1.24054,2.03065,1.98607,-0.235635,2
12.3402,0.49397,-1.23814,2.03065,1.98722,-0.225702,2
12.3502,0.500149,-1.2357,2.03065,1.98833,-0.215763,2
12.3602,0.50632,-1.23323,2.0307,1.98938,-0.205818,2
12.3702,0.512484,-1.23074,2.03074,1.99039,-0.195868,2
12.3802,0.518642,-1.22822,2.03071,1.99134,-0.185914,2
12.3902,0.524793,-1.22568,2.03064,1.99224,-0.175955,2
12.4002,0.530937,-1.22311,2.03082,1.9931,-0.165991,2
12.4102,0.537073,-1.2205,2.03122,1.9939,-0.156023,2
12.4202,0.543201,-1.21786,2.03152,1.99466,-0.146052,2
12.4302,0.549319,-1.21519,2.03176,1.99537,-0.136076,2
12.4402,0.555427,-1.2125,2.03193,1.99602,-0.126098,2
12.4502,0.561525,-1.20977,2.03195,1.99663,-0.116116,2
12.4602,0.567612,-1.20702,2.03189,1.99718,-0.106131,2
12.4702,0.573686,-1.20425,2.03182,1.99769,-0.0961435,2
12.4802,0.579744,-1.20143,2.03181,1.99814,-0.0861537,2
12.4902,0.585785,-1.19859,2.03185,1.99855,-0.0761617,2
12.5002,0.591811,-1.19573,2.03189,1.99891,-0.0661678,2
12.5102,0.59782,-1.19284,2.03192,1.99921,-0.0561723,2
12.5202,0.603812,-1.18992,2.03193,1.99947,-0.0461753,2
12.5302,0.609788,-1.18698,2.03185,1.99967,-0.0361772,2
12.5402,0.615745,-1.18402,2.03175,1.99983,-0.0261782,2
12.5502,0.621682,-1.18102,2.03171,1.99993,-0.0161786,2
12.5602,0.627602,-1.17799,2.03164,1.99999,-0.0061785,2
12.5702,0.633506,-1.17494,2.03157,2,0.00382172,2
12.5802,0.639396,-1.17186,2.03155,1.99995,0.0138218,2
12.5902,0.645272,-1.16874,2.03169,1.99986,0.0238216,2
12.6002,0.651135,-1.16559,2.03181,1.99971,0.0338208,2
12.6102,0.656986,-1.16241,2.03178,1.99952,0.0438191,2
12.6202,0.662823,-1.15921,2.03177,1.99928,0.0538164,2
12.6302,0.668644,-1.15597,2.0318,1.99898,0.0638123,2
12.6402,0.67445,-1.15271,2.03171,1.99864,0.0738066,2
12.6502,0.680237,-1.14942,2.03164,1.99824,0.083799,2
12.6602,0.686005,-1.14609,2.03169,1.9978,0.0937894,2
12.6702,0.691757,-1.14272,2.03175,1.99731,0.103777,2
12.6802,0.697492,-1.13932,2.03186,1.99676,0.113763,2
12.6902,0.703209,-1.13587,2.03208,1.99617,0.123745,2
12.7002,0.70891,-1.13239,2.0323,1.99552,0.133725,2
12.7102,0.714596,-1.12887,2.03238,1.99483,0.143701,2
12.7202,0.720267,-1.12533,2.03243,1.99409,0.153674,2
12.7302,0.72592,-1.12175,2.03256,1.99329,0.163642,2
12.7402,0.731559,-1.11814,2.03268,1.99245,0.173607,2
12.7502,0.737185,-1.11451,2.03263,1.99156,0.183567,2
12.7602,0.742796,-1.11085,2.03256,1.99062,0.193523,2
12.7702,0.748391,-1.10716,2.0325,1.98962,0.203474,2
12.7802,0.753968,-1.10344,2.03244,1.98858,0.213419,2
12.7902,0.759525,-1.0997,2.0325,1.98749,0.22336,2
12.8002,0.76506,-1.09592,2.03259,1.98635,0.233295,2
12.8102,0.770576,-1.09213,2.03265,1.98516,0.243224,2
12.8202,0.776069,-1.0883,2.03272,1.98391,0.253147,2
12.8302,0.781542,-1.08444,2.03269,1.98262,0.263063,2
12.8402,0.786995,-1.08056,2.03256,1.98128,0.272973,2
12.8502,0.792425,-1.07664,2.03242,1.97989,0.282876,2
12.8602,0.797829,-1.07268,2.03248,1.97846,0.292773,2
12.8702,0.803207,-1.06868,2.03272,1.97697,0.302661,2
12.8802,0.808563,-1.06464,2.03291,1.97543,0.312543,2
12.8902,0.813897,-1.06056,2.03304,1.97384,0.322416,2
12.9002,0.819208,-1.05645,2.03315,1.9722,0.332281,2
12.9102,0.824496,-1.05229,2.03337,1.97052,0.342138,2
12.9202,0.829762,-1.0481,2.03359,1.96878,0.351987,2
12.9302,0.835012,-1.04388,2.03365,1.967,0.361827,2
12.9402,0.840244,-1.03964,2.0336,1.96516,0.371657,2
12.9502,0.845458,-1.03537,2.03349,1.96328,0.381479,2
12.9602,0.85065,-1.03107,2.03358,1.96135,0.39129,2
12.9702,0.855821,-1.02673,2.03379,1.95937,0.401092,2
12.9802,0.860971,-1.02237,2.03392,1.95734,0.410884,2
12.9902,0.866102,-1.01799,2.03393,1.95526,0.420666,2
13.0002,0.871213,-1.01359,2.03377,1.95313,0.430437,2
13.0102,0.876298,-1.00916,2.03376,1.95096,0.440198,2
13.0202,0.881357,-1.00471,2.03387,1.94873,0.449947,2
13.0302,0.886395,-1.00025,2.03386,1.94646,0.459686,2
13.0402,0.891406,-0.995767,2.03386,1.94413,0.469412,2
13.0502,0.896392,-0.991272,2.03384,1.94176,0.479127,2
13.0602,0.901351,-0.986766,2.03381,1.93934,0.48883,2
13.0702,0.906281,-0.982247,2.03384,1.93687,0.498521,2
13.0802,0.911186,-0.977718,2.03382,1.93436,0.508199,2
13.0902,0.916063,-0.973173,2.03377,1.93179,0.517865,2
13.1002,0.920911,-0.968609,2.03381,1.92918,0.527518,2
13.1102,0.925734,-0.964024,2.03382,1.92652,0.537157,2
13.1202,0.930533,-0.959417,2.03381,1.92381,0.546783,2
13.1302,0.935306,-0.954786,2.03389,1.92105,0.556395,2
13.1402,0.940053,-0.950129,2.03407,1.91824,0.565994,2
13.1502,0.944782,-0.945452,2.03414,1.91539,0.575578,2
13.1602,0.949495,-0.940761,2.03395,1.91249,0.585148,2
13.1702,0.954191,-0.93605,2.03366,1.90954,0.594703,2
13.1802,0.958862,-0.931309,2.03353,1.90654,0.604244,2
13.1902,0.963507,-0.926537,2.03357,1.90349,0.613769,2
13.2002,0.968125,-0.921733,2.0337,1.9004,0.623279,2
13.2102,0.972716,-0.9169,2.03389,1.89726,0.632774,2
13.2202,0.977282,-0.912039,2.03401,1.89407,0.642252,2
13.2302,0.981825,-0.907151,2.03415,1.89084,0.651715,2
13.2402,0.986345,-0.902237,2.03425,1.88756,0.661161,2
13.2502,0.990844,-0.897294,2.03437,1.88423,0.670591,2
13.2602,0.995322,-0.892324,2.03448,1.88085,0.680004,2
13.2702,0.999779,-0.887326,2.03461,1.87743,0.689399,2
13.2802,1.00421,-0.882301,2.03473,1.87396,0.698778,2
13.2902,1.00862,-0.87725,2.03483,1.87044,0.708139,2
13.3002,1.01301,-0.872171,2.03496,1.86687,0.717483,2
13.3102,1.01736,-0.867064,2.03514,1.86326,0.726808,2
13.3202,1.02169,-0.861929,2.0353,1.85961,0.736116,2
13.3302,1.026,-0.856773,2.03536,1.8559,0.745405,2
13.3402,1.03027,-0.851595,2.03543,1.85215,0.754675,2
13.3502,1.03453,-0.846398,2.03542,1.84835,0.763927,2
13.3602,1.03876,-0.841186,2.03527,1.84451,0.773159,2
13.3702,1.04297,-0.835954,2.03518,1.84062,0.782372,2
13.3802,1.04714,-0.830698,2.03525,1.83669,0.791566,2
13.3902,1.05128,-0.82542,2.0353,1.83271,0.800739,2
13.4002,1.05541,-0.820123,2.03518,1.82868,0.809893,2
13.4102,1.05951,-0.814805,2.03507,1.82461,0.819027,2
13.4202,1.06358,-0.809459,2.0351,1.82049,0.828139,2
13.4302,1.06763,-0.804089,2.03515,1.81633,0.837232,2
13.4402,1.07165,-0.798694,2.03521,1.81212,0.846303,2
13.4502,1.07565,-0.793276,2.03526,1.80786,0.855353,2
13.4602,1.07963,-0.787836,2.03532,1.80356,0.864382,2
13.4702,1.08357,-0.782376,2.03541,1.79922,0.873389,2
13.4802,1.08749,-0.776898,2.03548,1.79483,0.882375,2
13.4902,1.09138,-0.771401,2.03556,1.7904,0.891338,2
13.5002,1.09525,-0.765887,2.03559,1.78592,0.900279,2
13.5102,1.09909,-0.76036,2.03543,1.78139,0.909197,2
13.5202,1.10291,-0.754814,2.03527,1.77682,0.918093,2
13.5302,1.10669,-0.749245,2.03533,1.77221,0.926966,2
13.5402,1.11044,-0.743655,2.03542,1.76755,0.935816,2
13.5502,1.11416,-0.738048,2.03541,1.76285,0.944642,2
13.5602,1.11785,-0.732421,2.03539,1.75811,0.953444,2
13.5702,1.12151,-0.726773,2.03548,1.75332,0.962223,2
13.5802,1.12513,-0.721106,2.03557,1.74849,0.970978,2
13.5902,1.12873,-0.715424,2.03551,1.74361,0.979708,2
13.6002,1.1323,-0.709724,2.03543,1.73869,0.988414,2
13.6102,1.13584,-0.703999,2.03546,1.73372,0.997096,2
13.6202,1.13935,-0.698251,2.03554,1.72872,1.00575,2
13.6302,1.14283,-0.692479,2.03562,1.72367,1.01438,2
13.6402,1.14629,-0.686683,2.0357,1.71857,1.02299,2
13.6502,1.14971,-0.680864,2.03578,1.71344,1.03157,2
13.6602,1.15311,-0.67502,2.03594,1.70826,1.04012,2
13.6702,1.15648,-0.669152,2.0361,1.70304,1.04865,2
13.6802,1.15983,-0.663265,2.03615,1.69777,1.05715,2
13.6902,1.16314,-0.657355,2.03625,1.69246,1.06563,2
13.7002,1.16644,-0.651427,2.0363,1.68711,1.07408,2
13.7102,1.1697,-0.645484,2.03618,1.68172,1.0825,2
13.7202,1.17294,-0.639524,2.03606,1.67629,1.0909,2
13.7302,1.17615,-0.633549,2.03594,1.67081,1.09926,2
13.7402,1.17933,-0.627562,2.03574,1.6653,1.10761,2
13.7502,1.18248,-0.621561,2.03553,1.65974,1.11592,2
13.7602,1.18558,-0.615544,2.03543,1.65414,1.1242,2
13.7702,1.18865,-0.609509,2.03545,1.64849,1.13246,2
13.7802,1.19168,-0.603458,2.03549,1.64281,1.14069,2
13.7902,1.19467,-0.597393,2.03554,1.63709,1.14889,2
13.8002,1.19763,-0.591317,2.03562,1.63132,1.15706,2
13.8102,1.20056,-0.585232,2.03565,1.62552,1.1652,2
13.8202,1.20347,-0.57914,2.03554,1.61967,1.17331,2
13.8302,1.20634,-0.573041,2.03536,1.61378,1.1814,2
13.8402,1.20918,-0.566932,2.0353,1.60786,1.18945,2
13.8502,1.21197,-0.560812,2.03538,1.60189,1.19748,2
13.8602,1.21474,-0.554682,2.03538,1.59588,1.20547,2
13.8702,1.21748,-0.548541,2.0353,1.58983,1.21344,2
13.8802,1.22018,-0.542383,2.03527,1.58375,1.22137,2
13.8902,1.22286,-0.536205,2.03531,1.57762,1.22927,2
13.9002,1.2255,-0.530008,2.0354,1.57145,1.23715,2
13.9102,1.22812,-0.523793,2.03547,1.56525,1.24499,2
13.9202,1.23071,-0.517562,2.03551,1.559,1.2528,2
13.9302,1.23326,-0.511312,2.03571,1.55272,1.26058,2
13.9402,1.23579,-0.505047,2.0359,1.5464,1.26833,2
13.9502,1.2383,-0.498773,2.03586,1.54004,1.27604,2
13.9602,1.24079,-0.49249,2.03575,1.53364,1.28373,2
13.9702,1.24324,-0.486198,2.03565,1.5272,1.29138,2
13.9802,1.24567,-0.479899,2.03549,1.52072,1.299,2
13.9902,1.24807,-0.473587,2.0354,1.51421,1.30659,2
14.0002,1.25044,-0.467261,2.03547,1.50766,1.31414,2
14.0102,1.25277,-0.460917,2.03567,1.50107,1.32166,2
14.0202,1.25508,-0.454558,2.03581,1.49444,1.32915,2
14.0302,1.25737,-0.448187,2.03588,1.48778,1.33661,2
14.0402,1.25962,-0.441806,2.03592,1.48107,1.34403,2
14.0502,1.26185,-0.435416,2.03585,1.47433,1.35142,2
14.0602,1.26405,-0.429018,2.03576,1.46756,1.35878,2
14.0702,1.26622,-0.422611,2.03571,1.46075,1.3661,2
14.0802,1.26836,-0.416194,2.03565,1.4539,1.37338,2
14.0902,1.27046,-0.409766,2.0356,1.44701,1.38064,2
14.1002,1.27253,-0.403324,2.03566,1.44009,1.38785,2
14.1102,1.27457,-0.396868,2.03575,1.43313,1.39504,2
14.1202,1.27658,-0.390399,2.03582,1.42614,1.40219,2
14.1302,1.27855,-0.383914,2.03598,1.41911,1.4093,2
14.1402,1.28049,-0.377415,2.03619,1.41205,1.41638,2
14.1502,1.28241,-0.370905,2.03628,1.40495,1.42342,2
14.1602,1.28429,-0.364386,2.03626,1.39781,1.43043,2
14.1702,1.28614,-0.357859,2.03626,1.39064,1.4374,2
14.1802,1.28795,-0.351326,2.03618,1.38344,1.44433,2
14.1902,1.28973,-0.344786,2.03608,1.3762,1.45123,2
14.2002,1.29147,-0.338237,2.03608,1.36893,1.4581,2
14.2102,1.29317,-0.331683,2.03609,1.36162,1.46492,2
14.2202,1.29484,-0.325123,2.03616,1.35428,1.47171,2
14.2302,1.29647,-0.318558,2.03615,1.3469,1.47846,2
14.2402,1.29807,-0.311989,2.03606,1.33949,1.48518,2
14.2502,1.29964,-0.305413,2.03604,1.33205,1.49186,2
14.2602,1.30117,-0.298831,2.03603,1.32457,1.4985,2
14.2702,1.30267,-0.292245,2.03601,1.31706,1.50511,2
14.2802,1.30413,-0.285655,2.03603,1.30952,1.51167,2
14.2902,1.30555,-0.279061,2.03611,1.30195,1.5182,2
14.3002,1.30693,-0.272461,2.03618,1.29434,1.52469,2
14.3102,1.30828,-0.265854,2.03631,1.2867,1.53115,2
14.3202,1.3096,-0.259239,2.0364,1.27903,1.53756,2
14.3302,1.31089,-0.252617,2.03647,1.27132,1.54394,2
14.3402,1.31214,-0.245986,2.03657,1.26359,1.55027,2
14.3502,1.31336,-0.239347,2.0367,1.25582,1.55657,2
14.3602,1.31454,-0.232698,2.03678,1.24802,1.56283,2
14.3702,1.31569,-0.22604,2.03676,1.24019,1.56905,2
14.3802,1.31681,-0.219372,2.03675,1.23233,1.57523,2
14.3902,1.31789,-0.212695,2.03672,1.22444,1.58138,2
14.4002,1.31894,-0.206012,2.03669,1.21652,1.58748,2
14.4102,1.31995,-0.199323,2.03671,1.20856,1.59354,2
14.4202,1.32092,-0.192629,2.03681,1.20058,1.59956,2
14.4302,1.32185,-0.185929,2.03691,1.19257,1.60555,2
14.4402,1.32275,-0.179223,2.03692,1.18453,1.61149,2
14.4502,1.32361,-0.172511,2.03698,1.17645,1.61739,2
14.4602,1.32443,-0.165794,2.0371,1.16835,1.62325,2
14.4702,1.32522,-0.159072,2.03717,1.16022,1.62908,2
14.4802,1.32597,-0.152344,2.03732,1.15206,1.63486,2
14.4902,1.32669,-0.145612,2.0375,1.14387,1.6406,2
14.5002,1.32738,-0.138879,2.03754,1.13565,1.6463,2
14.5102,1.32804,-0.132145,2.03755,1.12741,1.65195,2
14.5202,1.32866,-0.125413,2.03752,1.11913,1.65757,2
14.5302,1.32925,-0.118683,2.03744,1.11083,1.66315,2
14.5402,1.3298,-0.111957,2.03733,1.1025,1.66868,2
14.5502,1.33032,-0.105237,2.03727,1.09414,1.67417,2
14.5602,1.3308,-0.0985223,2.03727,1.08576,1.67962,2
14.5702,1.33125,-0.0918127,2.03723,1.07735,1.68503,2
14.5802,1.33166,-0.0851061,2.03714,1.06891,1.69039,2
14.5902,1.33203,-0.0783984,2.03714,1.06044,1.69572,2
14.6002,1.33238,-0.0716874,2.03714,1.05195,1.701,2
14.6102,1.33269,-0.0649722,2.03709,1.04343,1.70624,2
14.6202,1.33298,-0.0582536,2.03705,1.03489,1.71143,2
14.6302,1.33323,-0.051535,2.03694,1.02632,1.71659,2
14.6402,1.33346,-0.044819,2.03685,1.01772,1.7217,2
14.6502,1.33366,-0.0381073,2.03682,1.0091,1.72676,2
14.6602,1.33383,-0.0313998,2.03681,1.00046,1.73179,2
14.6702,1.33396,-0.0246957,2.03677,0.991783,1.73677,2
14.6802,1.33406,-0.0179936,2.03679,0.983087,1.74171,2
14.6902,1.33411,-0.0112918,2.03699,0.974366,1.7466,2
14.7002,1.33414,-0.0045896,2.03718,0.965621,1.75145,2
14.7102,1.33414,0.00211296,2.0372,0.956851,1.75626,2
14.7202,1.33411,0.0088174,2.03725,0.948058,1.76102,2
14.7302,1.33404,0.0155248,2.03737,0.939241,1.76574,2
14.7402,1.33395,0.0222348,2.03738,0.9304,1.77041,2
14.7502,1.33383,0.0289495,2.03735,0.921536,1.77504,2
14.7602,1.33368,0.0356721,2.03749,0.912649,1.77963,2
14.7702,1.33351,0.0424022,2.03768,0.90374,1.78417,2
14.7802,1.3333,0.0491373,2.03773,0.894807,1.78866,2
14.7902,1.33306,0.0558772,2.03786,0.885853,1.79312,2
14.8002,1.33279,0.0626202,2.03803,0.876876,1.79752,2
14.8102,1.33249,0.0693624,2.03808,0.867877,1.80188,2
14.8202,1.33216,0.0761011,2.03811,0.858857,1.8062,2
14.8302,1.33179,0.0828343,2.03814,0.849815,1.81047,2
14.8402,1.3314,0.0895607,2.03815,0.840752,1.8147,2
14.8502,1.33098,0.0962801,2.0381,0.831667,1.81888,2
14.8602,1.33053,0.102991,2.03807,0.822563,1.82302,2
14.8702,1.33004,0.109694,2.03808,0.813437,1.82711,2
14.8802,1.32952,0.116388,2.03796,0.804291,1.83115,2
14.8902,1.32898,0.123073,2.03775,0.795125,1.83515,2
14.9002,1.32839,0.129746,2.03768,0.785939,1.8391,2
14.9102,1.32776,0.136411,2.03777,0.776734,1.84301,2
14.9202,1.3271,0.143071,2.03779,0.767509,1.84687,2
14.9302,1.32641,0.149728,2.03771,0.758265,1.85068,2
14.9402,1.32567,0.156381,2.03782,0.749002,1.85445,2
14.9502,1.32489,0.163031,2.03797,0.73972,1.85818,2
14.9602,1.32409,0.169679,2.03793,0.73042,1.86185,2
14.9702,1.32325,0.176324,2.03782,0.721101,1.86548,2
14.9802,1.32239,0.182963,2.03772,0.711764,1.86906,2
14.9902,1.32148,0.189599,2.03777,0.70241,1.8726,2
15.0002,1.32054,0.196233,2.03781,0.693038,1.87609,2
15.0102,1.31957,0.202863,2.03769,0.683649,1.87953,2
15.0202,1.31857,0.209486,2.03764,0.674242,1.88292,2
15.0302,1.31754,0.216101,2.03764,0.664819,1.88627,2
15.0402,1.31648,0.222708,2.03754,0.655379,1.88957,2
15.0502,1.3154,0.229305,2.03739,0.645923,1.89282,2
15.0602,1.31427,0.235892,2.0374,0.636451,1.89603,2
15.0702,1.31311,0.242471,2.0376,0.626962,1.89919,2
15.0802,1.31191,0.249044,2.03771,0.617459,1.9023,2
15.0903,1.31067,0.255612,2.03776,0.607939,1.90536,2
15.1003,1.3094,0.262173,2.03778,0.598405,1.90838,2
15.1103,1.30809,0.268727,2.03783,0.588855,1.91135,2
15.1203,1.30674,0.275272,2.03791,0.579291,1.91427,2
15.1303,1.30536,0.281804,2.03797,0.569712,1.91714,2
15.1403,1.30395,0.288321,2.03801,0.560119,1.91997,2
15.1503,1.30252,0.29482,2.038,0.550512,1.92274,2
15.1603,1.30106,0.301298,2.03798,0.540891,1.92547,2
15.1703,1.29957,0.307756,2.03784,0.531257,1.92815,2
15.1803,1.29805,0.314197,2.03764,0.521609,1.93078,2
15.1903,1.29651,0.320619,2.03753,0.511949,1.93337,2
15.2003,1.29492,0.327028,2.0376,0.502275,1.9359,2
15.2103,1.29331,0.33343,2.03773,0.492589,1.93839,2
15.2203,1.29166,0.339828,2.03781,0.482891,1.94083,2
15.2303,1.28998,0.346223,2.03785,0.473181,1.94322,2
15.2403,1.28827,0.352615,2.03782,0.463458,1.94556,2
15.2503,1.28653,0.359002,2.0379,0.453725,1.94785,2
15.2603,1.28475,0.365386,2.03793,0.44398,1.9501,2
15.2703,1.28295,0.371769,2.03792,0.434223,1.95229,2
15.2803,1.28111,0.37815,2.03795,0.424456,1.95444,2
15.2903,1.27925,0.384531,2.038,0.414679,1.95654,2
15.3003,1.27736,0.390912,2.03806,0.40489,1.95859,2
15.3103,1.27543,0.397295,2.03817,0.395092,1.96059,2
15.3203,1.27349,0.403678,2.03824,0.385284,1.96254,2
15.3303,1.27151,0.410064,2.03829,0.375467,1.96444,2
15.3403,1.26951,0.416449,2.03832,0.365639,1.96629,2
15.3503,1.26749,0.422833,2.03829,0.355803,1.9681,2
15.3603,1.26544,0.429214,2.0383,0.345958,1.96985,2
15.3703,1.26337,0.435591,2.03826,0.336104,1.97156,2
15.3803,1.26126,0.441966,2.03822,0.326242,1.97321,2
15.3903,1.25914,0.448337,2.03821,0.316372,1.97482,2
15.4003,1.25698,0.454701,2.03818,0.306494,1.97638,2
15.4103,1.2548,0.461056,2.03814,0.296608,1.97788,2
15.4203,1.2526,0.467399,2.03801,0.286714,1.97934,2
15.4303,1.25036,0.473732,2.03785,0.276814,1.98075,2
15.4403,1.2481,0.480053,2.03775,0.266907,1.98211,2
15.4503,1.24581,0.486363,2.03773,0.256992,1.98342,2
15.4603,1.24348,0.492661,2.03773,0.247072,1.98468,2
15.4703,1.24113,0.498946,2.03772,0.237145,1.98589,2
15.4803,1.23874,0.505218,2.03773,0.227213,1.98705,2
15.4903,1.23632,0.511477,2.03773,0.217274,1.98816,2
15.5003,1.23388,0.517724,2.03766,0.207331,1.98922,2
15.5103,1.2314,0.523957,2.03765,0.197382,1.99024,2
15.5203,1.22889,0.53018,2.03774,0.187428,1.9912,2
15.5303,1.22634,0.536392,2.0378,0.177469,1.99211,2
15.5403,1.22377,0.542592,2.03791,0.167507,1.99297,2
15.5503,1.22117,0.548781,2.03799,0.157539,1.99379,2
15.5603,1.21854